id,nearc4,educ,black,smsa,south,exper,lwage,expersq,expersq_100
2,0,7,1,1,0,16,6.306275368,256,2.56
3,0,12,0,1,0,9,6.175867081,81,0.81
4,0,12,0,1,0,16,6.580639362,256,2.56
5,1,11,0,1,0,10,5.52146101,100,1
6,1,12,0,1,0,16,6.591673851,256,2.56
7,1,12,0,1,0,8,6.214608192,64,0.64
8,1,18,0,1,0,9,6.336825848,81,0.81
9,1,14,0,1,0,9,6.410174847,81,0.81
10,1,12,0,1,0,10,6.052089214,100,1
11,1,12,0,1,0,11,6.244166851,121,1.21
12,1,9,0,1,0,13,5.416100502,169,1.69
13,1,12,0,1,0,8,5.991464615,64,0.64
14,1,11,0,1,0,7,6.0330863,49,0.49
15,1,11,0,1,0,13,5.379897118,169,1.69
16,1,16,1,1,0,9,6.795705795,81,0.81
17,1,14,0,1,0,4,5.703782558,16,0.16
19,1,12,0,1,0,16,5.846438885,256,2.56
20,1,14,0,1,0,9,6.489204884,81,0.81
22,1,10,0,1,0,10,6.354370117,100,1
25,1,12,0,1,0,14,6.475432873,196,1.96
26,1,18,0,1,1,8,6.850126266,64,0.64
29,1,18,0,1,0,10,6.419994831,100,1
30,1,15,0,0,0,11,6.587550163,121,1.21
31,1,12,0,1,0,10,6.40357399,100,1
32,1,12,0,1,0,14,6.54102993,196,1.96
35,1,18,0,0,0,10,7.244227409,100,1
36,1,12,0,1,0,8,5.703782558,64,0.64
37,1,18,0,1,0,8,7.495542049,64,0.64
38,1,12,0,1,0,7,6.023447514,49,0.49
39,1,14,0,0,0,9,6.448889256,81,0.81
47,1,12,0,1,0,7,5.337538242,49,0.49
48,1,12,1,1,0,7,6.12468338,49,0.49
53,1,16,0,1,0,2,6.714170456,4,0.04
54,1,18,0,1,0,10,6.357842445,100,1
55,1,11,0,1,0,11,5.54126358,121,1.21
62,1,16,0,1,0,8,6.869014263,64,0.64
63,1,10,0,1,0,15,6.850126266,225,2.25
64,1,18,0,1,0,10,7.044033051,100,1
77,1,6,0,1,0,15,5.780743599,225,2.25
79,1,11,1,1,0,7,5.459585667,49,0.49
80,1,12,0,1,0,16,6.907755375,256,2.56
81,1,9,0,1,0,11,6.175867081,121,1.21
82,1,15,0,1,0,11,6.436150551,121,1.21
83,1,11,0,1,0,17,6.47697258,289,2.89
87,1,12,1,1,0,6,5.840641499,36,0.36
90,1,16,0,1,1,2,5.940171242,4,0.04
91,1,12,0,1,0,6,5.866467953,36,0.36
92,1,13,0,1,0,6,6.49072361,36,0.36
93,1,17,0,1,0,5,6.431331158,25,0.25
97,1,12,0,1,0,7,6.086774826,49,0.49
98,1,12,1,1,0,8,6.603943825,64,0.64
102,1,11,1,0,1,14,5.634789467,196,1.96
107,1,10,0,1,0,8,6.0730443,64,0.64
108,1,12,0,1,0,9,6.558197975,81,0.81
110,1,12,0,1,0,9,6.052089214,81,0.81
111,1,12,0,1,0,6,6.347389221,36,0.36
112,1,16,0,1,0,8,6.287858486,64,0.64
115,1,16,0,1,0,10,6.606650352,100,1
116,1,13,0,1,0,13,6.511745453,169,1.69
119,1,12,0,1,0,16,6.645091057,256,2.56
121,1,12,0,1,0,6,6.383506775,36,0.36
125,1,9,1,1,0,9,5.361292362,81,0.81
127,1,16,0,1,0,12,7.354362488,144,1.44
129,1,16,0,1,0,6,6.651571751,36,0.36
131,1,12,0,1,1,8,6.396929741,64,0.64
133,1,18,0,1,0,0,6.54102993,0,0
135,1,13,0,1,0,12,6.345636368,144,1.44
136,1,14,0,1,0,8,6.070737839,64,0.64
137,1,15,0,1,0,7,6.287858486,49,0.49
138,1,12,0,1,0,7,6.440946579,49,0.49
139,1,8,0,1,0,17,6.175867081,289,2.89
141,1,12,0,1,0,8,6.300786018,64,0.64
142,1,12,0,1,0,7,6.356107712,49,0.49
144,1,16,0,1,0,3,6.551080227,9,0.09
147,1,16,0,1,0,6,6.669497967,36,0.36
148,1,17,0,1,0,4,6.919683933,16,0.16
149,1,12,0,1,0,6,6.630683422,36,0.36
150,1,14,0,1,0,9,6.398594856,81,0.81
151,1,12,0,1,0,6,5.645446777,36,0.36
154,1,12,0,1,0,6,5.52146101,36,0.36
156,1,12,0,1,0,8,6.214608192,64,0.64
157,1,11,0,1,0,14,6.309918404,196,1.96
158,1,12,0,1,0,7,7.041411877,49,0.49
159,1,18,0,1,1,7,6.697034359,49,0.49
164,1,12,1,1,0,10,5.746203423,100,1
166,1,18,0,1,0,1,6.59441328,1,0.01
168,1,16,0,1,0,3,6.43775177,9,0.09
169,1,14,0,1,0,4,6.376727104,16,0.16
170,1,14,0,1,0,6,5.926926136,36,0.36
173,1,16,0,1,1,7,6.705638885,49,0.49
175,1,14,0,1,0,10,6.762729645,100,1
176,1,15,0,1,1,7,5.857933044,49,0.49
177,1,13,0,1,1,5,5.308267593,25,0.25
178,1,13,0,1,1,13,6.224558353,169,1.69
179,1,17,0,1,0,7,6.704414368,49,0.49
181,1,18,0,1,0,2,6.43775177,4,0.04
182,1,18,0,1,0,8,6.645091057,64,0.64
183,1,17,0,1,0,4,6.214608192,16,0.16
188,1,17,0,1,0,4,6.428105354,16,0.16
192,1,12,0,1,0,12,6.47697258,144,1.44
194,1,18,0,1,0,4,6.645091057,16,0.16
195,1,12,0,1,0,8,6.238324642,64,0.64
196,1,18,0,1,0,7,6.43775177,49,0.49
197,1,14,0,1,0,11,7.013015747,121,1.21
198,1,13,0,1,0,9,6.580639362,81,0.81
199,1,14,0,1,0,12,7.050989628,144,1.44
201,1,18,0,0,0,10,6.717804909,100,1
204,1,16,0,1,0,12,6.827629089,144,1.44
205,1,17,0,1,0,5,6.981005669,25,0.25
209,1,12,0,1,0,15,6.43775177,225,2.25
210,1,13,0,1,0,8,6.13122654,64,0.64
213,1,14,1,1,0,4,6.802394867,16,0.16
214,1,18,0,1,0,5,6.525029659,25,0.25
217,1,12,0,1,0,6,6.018593311,36,0.36
218,1,13,0,1,0,8,6.43775177,64,0.64
222,1,18,0,1,0,8,6.912742615,64,0.64
225,1,11,0,1,0,7,6.586171627,49,0.49
226,1,15,0,1,0,6,6.620073318,36,0.36
228,1,14,0,1,0,9,6.270988464,81,0.81
229,1,17,0,1,0,6,6.879355907,36,0.36
232,1,12,0,0,0,8,6.156979084,64,0.64
233,1,12,0,1,0,6,5.783825397,36,0.36
234,1,12,0,1,0,16,6.774223804,256,2.56
237,1,13,0,1,0,15,6.43775177,225,2.25
239,1,12,0,1,0,8,5.820083141,64,0.64
240,1,16,0,1,0,5,6.175867081,25,0.25
241,1,9,0,1,0,14,6.47697258,196,1.96
242,1,16,0,1,0,3,5.948034763,9,0.09
244,1,18,0,1,0,6,6.869014263,36,0.36
245,1,16,0,0,0,7,6.421622276,49,0.49
247,1,14,0,1,0,8,6.55393362,64,0.64
249,1,14,0,1,0,11,6.453625202,121,1.21
250,1,12,0,1,0,10,5.298317432,100,1
252,1,12,0,1,0,9,6.705638885,81,0.81
253,1,14,0,1,0,6,6.357842445,36,0.36
254,1,17,0,1,0,3,6.144185543,9,0.09
255,1,16,0,1,0,7,6.828711987,49,0.49
256,1,16,0,1,1,9,6.675823212,81,0.81
257,1,14,0,1,0,8,6.453625202,64,0.64
259,1,12,0,1,0,7,6.345636368,49,0.49
260,1,16,0,1,0,7,6.558197975,49,0.49
261,1,14,0,1,0,8,6.453625202,64,0.64
263,1,12,0,1,0,12,6.542471886,144,1.44
264,1,13,0,1,0,15,6.421622276,225,2.25
265,1,16,0,1,0,4,6.135564804,16,0.16
266,1,12,0,1,0,16,6.762729645,256,2.56
267,1,18,0,1,1,9,6.6025877,81,0.81
268,1,12,0,1,0,7,7.244227409,49,0.49
270,1,12,0,1,0,13,6.694561958,169,1.69
272,1,16,0,1,0,4,6.483107567,16,0.16
273,1,12,0,1,0,7,5.703782558,49,0.49
275,1,16,0,1,0,8,6.357842445,64,0.64
279,1,16,0,1,0,2,5.579730034,4,0.04
280,1,18,0,0,0,7,6.386879444,49,0.49
282,1,17,0,1,0,3,5.783825397,9,0.09
283,1,16,0,0,0,2,5.953243256,4,0.04
284,1,18,0,1,0,1,6.907755375,1,0.01
285,1,18,0,1,0,4,6.142037392,16,0.16
286,1,16,0,1,0,6,6.086774826,36,0.36
287,1,16,0,1,0,5,6.43775177,25,0.25
288,1,17,0,1,0,4,5.652489185,16,0.16
290,1,14,0,1,0,7,6.47697258,49,0.49
291,1,13,0,1,0,6,6.694561958,36,0.36
292,1,12,0,1,0,6,6.214608192,36,0.36
293,1,16,0,1,0,4,6.722630024,16,0.16
295,1,12,0,1,0,13,6.214608192,169,1.69
297,1,17,0,1,0,9,6.54102993,81,0.81
298,1,12,0,1,0,9,7.003065586,81,0.81
300,1,12,0,1,0,7,6.637258053,49,0.49
302,1,12,0,1,0,9,6.678342342,81,0.81
304,1,16,0,1,0,3,5.808142662,9,0.09
306,1,18,0,1,0,6,6.013715267,36,0.36
307,1,16,0,1,0,5,6.762729645,25,0.25
308,1,12,0,1,0,13,6.788971901,169,1.69
309,1,12,0,1,0,16,6.511745453,256,2.56
312,1,12,0,0,0,15,6.551080227,225,2.25
313,1,18,0,1,1,9,5.52146101,81,0.81
314,1,11,0,1,0,10,6.43775177,100,1
315,1,13,0,1,0,12,6.0330863,144,1.44
316,1,13,0,1,0,9,6.356107712,81,0.81
317,1,12,1,1,0,8,6.418365002,64,0.64
318,1,12,0,1,0,13,6.551080227,169,1.69
320,1,12,0,1,0,6,6.109247684,36,0.36
322,1,16,0,1,0,6,6.214608192,36,0.36
323,1,12,0,0,0,7,6.242223263,49,0.49
324,1,16,0,1,0,3,5.52146101,9,0.09
325,1,12,0,0,0,6,5.752572536,36,0.36
326,1,12,0,1,0,11,5.926926136,121,1.21
330,1,15,0,0,0,13,6.12468338,169,1.69
331,1,12,1,1,0,9,5.616771221,81,0.81
332,1,12,0,1,0,10,6.857513905,100,1
333,1,16,0,1,0,10,7.016609669,100,1
335,1,16,0,0,0,3,5.666426659,9,0.09
336,1,16,0,1,0,3,6.214608192,9,0.09
339,1,18,0,1,0,8,6.587550163,64,0.64
340,1,18,0,1,0,5,7.142827511,25,0.25
341,1,17,1,1,0,3,6.418365002,9,0.09
345,1,12,0,1,0,10,6.300786018,100,1
346,1,13,0,1,0,9,5.627621174,81,0.81
348,1,18,0,1,0,10,7.273786545,100,1
349,1,16,0,1,0,5,6.902742863,25,0.25
350,1,12,0,1,0,11,6.551080227,121,1.21
352,1,16,0,1,0,6,6.357842445,36,0.36
353,1,16,0,1,0,9,6.754603863,81,0.81
355,1,12,0,1,0,10,6.53087759,100,1
356,1,15,0,1,0,10,6.723832607,100,1
358,1,13,0,1,0,14,6.450470448,196,1.96
359,1,12,0,1,0,14,6.535241127,196,1.96
360,1,14,0,1,0,10,6.645091057,100,1
363,1,15,0,1,0,6,5.953243256,36,0.36
364,1,12,0,1,0,6,6.109247684,36,0.36
366,1,12,0,1,0,9,6.421622276,81,0.81
367,1,12,0,1,0,16,6.525029659,256,2.56
368,1,10,0,1,0,16,6.507277489,256,2.56
370,1,11,0,1,0,16,6.684611797,256,2.56
372,1,14,0,1,0,14,6.224558353,196,1.96
374,1,18,0,1,0,6,6.933423042,36,0.36
375,1,15,0,1,0,4,6.645091057,16,0.16
377,1,10,0,1,1,16,5.669880867,256,2.56
378,1,13,0,1,0,9,6.270988464,81,0.81
379,1,16,0,1,0,7,7.050989628,49,0.49
380,1,10,0,1,0,13,6.308098316,169,1.69
381,1,12,0,1,0,8,6.163314819,64,0.64
382,1,12,0,1,0,8,6.109247684,64,0.64
383,1,17,0,1,0,4,6.774223804,16,0.16
384,1,15,0,1,0,4,5.298317432,16,0.16
385,1,13,0,0,0,7,5.703782558,49,0.49
386,1,16,0,0,0,3,6.135564804,9,0.09
387,1,12,0,1,0,12,5.953243256,144,1.44
388,1,15,0,1,0,11,7.156176567,121,1.21
390,1,16,0,1,0,3,6.376727104,9,0.09
391,1,12,0,1,0,9,6.396929741,81,0.81
393,1,16,0,1,0,8,6.214608192,64,0.64
396,1,12,1,1,0,15,6.086774826,225,2.25
397,1,18,0,1,1,2,6.146329403,4,0.04
398,1,17,0,1,0,6,6.834108829,36,0.36
399,1,16,0,1,0,5,6.320768356,25,0.25
400,1,13,0,1,0,5,6.082219124,25,0.25
402,1,12,1,1,0,11,6.396929741,121,1.21
403,1,12,1,1,0,8,6.354370117,64,0.64
404,1,12,1,1,0,8,5.963579178,64,0.64
410,1,12,0,0,0,16,6.678342342,256,2.56
411,1,18,0,1,0,3,6.154858112,9,0.09
412,1,17,0,1,0,3,5.308267593,9,0.09
413,1,17,0,1,0,1,5.298317432,1,0.01
415,1,17,0,1,0,1,5.857933044,1,0.01
416,1,14,0,0,0,4,5.926926136,16,0.16
419,1,16,0,1,0,3,6.175867081,9,0.09
420,1,18,0,1,0,7,6.869014263,49,0.49
421,1,15,0,1,0,6,6.047372341,36,0.36
423,1,15,0,1,0,6,6.214608192,36,0.36
424,1,9,0,1,0,15,6.109247684,225,2.25
425,1,8,0,1,0,14,6.165417671,196,1.96
426,1,12,0,1,0,6,4.912654877,36,0.36
427,1,12,0,1,0,14,6.354370117,196,1.96
428,1,12,0,1,0,15,6.357842445,225,2.25
429,1,12,0,1,0,13,5.736572266,169,1.69
430,1,9,0,1,0,15,6.551080227,225,2.25
433,1,14,0,1,0,12,7.186901093,144,1.44
434,1,10,0,1,0,18,6.311734676,324,3.24
435,1,17,0,1,0,7,6.781057835,49,0.49
439,1,12,0,1,0,7,6.633318424,49,0.49
441,1,12,0,1,0,14,6.56244421,196,1.96
442,1,12,0,1,0,8,6.052089214,64,0.64
443,1,12,0,1,0,8,6.056784153,64,0.64
444,1,16,0,1,0,2,6.356107712,4,0.04
446,1,9,0,1,0,17,5.991464615,289,2.89
449,1,12,0,0,0,13,6.214608192,169,1.69
450,1,12,0,0,0,10,6.274762154,100,1
453,1,16,0,1,0,6,6.511745453,36,0.36
454,1,16,0,1,1,5,6.357842445,25,0.25
458,1,16,0,1,0,2,5.783825397,4,0.04
461,1,11,0,0,0,12,6.214608192,144,1.44
462,1,12,0,0,0,7,6.646390438,49,0.49
464,1,12,0,1,0,8,6.214608192,64,0.64
467,1,16,0,1,0,6,5.968707561,36,0.36
468,1,12,0,1,0,16,6.697034359,256,2.56
469,1,9,1,0,0,19,6.297109127,361,3.61
473,1,9,1,0,0,19,6.385194302,361,3.61
474,1,17,0,1,0,2,6.761572838,4,0.04
475,1,10,1,0,0,12,6.551080227,144,1.44
477,1,12,0,0,0,7,6.234410763,49,0.49
479,1,13,0,1,0,15,6.421622276,225,2.25
481,1,14,0,1,0,9,6.634633541,81,0.81
484,1,10,0,1,0,15,6.200509071,225,2.25
485,1,16,0,1,0,2,6.098074436,4,0.04
486,1,12,0,1,0,7,6.052089214,49,0.49
487,1,16,0,1,0,2,6.620073318,4,0.04
488,1,16,0,1,0,2,6.551080227,4,0.04
489,1,12,0,1,0,6,6.082219124,36,0.36
490,1,12,0,1,0,11,6.410174847,121,1.21
491,1,13,0,1,0,5,6.109247684,25,0.25
492,1,3,0,1,0,17,5.746203423,289,2.89
494,1,7,1,1,0,20,5.52146101,400,4
496,1,14,0,1,0,13,6.214608192,169,1.69
497,0,12,0,1,0,8,5.899897575,64,0.64
499,0,12,0,1,0,8,6.700731277,64,0.64
500,0,12,0,0,0,7,5.786897182,49,0.49
501,0,12,0,0,0,11,6.261491776,121,1.21
502,0,13,0,1,0,9,6.703187943,81,0.81
504,0,12,0,1,0,10,6.620073318,100,1
505,0,17,0,1,0,1,6.26339817,1,0.01
506,0,12,0,1,0,14,7.025538445,196,1.96
508,0,12,0,1,0,10,6.43775177,100,1
509,0,14,0,1,0,5,6.572282314,25,0.25
510,0,12,0,0,0,13,6.38181591,169,1.69
512,0,17,0,1,0,4,6.001414776,16,0.16
514,1,12,0,1,0,10,6.514712811,100,1
515,1,12,0,1,0,7,6.095824718,49,0.49
516,1,12,0,1,0,6,6.190315247,36,0.36
517,1,9,0,1,0,19,6.543911934,361,3.61
518,1,12,0,1,1,7,6.551080227,49,0.49
519,1,12,0,1,1,6,5.783825397,36,0.36
520,1,9,0,1,0,10,6.320768356,100,1
522,1,12,0,1,0,8,5.783825397,64,0.64
523,1,13,0,1,0,7,6.504288197,49,0.49
524,1,18,0,1,0,7,7.784889221,49,0.49
525,1,16,0,1,0,3,6.630683422,9,0.09
526,1,16,0,1,0,12,6.893656254,144,1.44
527,1,12,0,1,0,7,6.357842445,49,0.49
529,1,17,0,0,0,6,5.655992031,36,0.36
531,1,14,0,1,1,8,5.442417622,64,0.64
532,1,12,0,1,0,7,6.24027586,49,0.49
533,1,15,0,1,0,7,6.421622276,49,0.49
534,1,15,0,1,0,4,6.551080227,16,0.16
537,1,18,0,1,0,9,6.570882797,81,0.81
539,1,9,0,1,0,15,6.552507877,225,2.25
540,1,12,1,1,0,6,6.135564804,36,0.36
542,1,18,0,1,0,4,6.766191483,16,0.16
544,1,16,0,0,0,7,6.821107388,49,0.49
545,1,12,0,1,0,9,6.970730305,81,0.81
546,1,12,0,1,1,11,5.991464615,121,1.21
547,1,12,0,1,0,9,6.46146822,81,0.81
548,1,13,0,1,0,5,5.652489185,25,0.25
551,1,17,0,1,1,4,6.463029385,16,0.16
561,1,13,0,1,0,13,5.963579178,169,1.69
562,1,12,0,1,0,7,6.917705536,49,0.49
564,1,12,0,0,0,6,6.705638885,36,0.36
565,1,17,0,1,0,4,6.882437706,16,0.16
567,1,12,1,1,0,11,6.620073318,121,1.21
570,1,15,0,0,0,3,6.137727261,9,0.09
571,1,12,0,1,0,10,7.234898567,100,1
572,1,12,0,1,0,7,6.357842445,49,0.49
575,1,12,0,1,0,9,5.993961334,81,0.81
576,1,10,0,1,0,10,5.768321037,100,1
581,1,12,0,1,0,9,6.242223263,81,0.81
582,1,11,0,1,0,8,5.337538242,64,0.64
583,1,17,0,1,0,4,7.083387852,16,0.16
584,1,14,0,1,0,6,6.43775177,36,0.36
585,1,17,0,1,0,11,6.175867081,121,1.21
588,1,13,0,1,0,8,6.570882797,64,0.64
590,1,11,0,1,0,10,6.43775177,100,1
591,1,12,0,1,0,12,6.315358162,144,1.44
592,1,12,0,1,0,16,6.361302376,256,2.56
593,1,18,0,1,0,4,6.734591484,16,0.16
594,1,18,0,1,0,9,7.561641693,81,0.81
598,1,16,0,1,0,4,6.692083836,16,0.16
601,1,12,1,1,0,11,5.840641499,121,1.21
605,1,12,0,1,0,14,6.869014263,196,1.96
612,1,12,0,0,0,14,6.396929741,196,1.96
615,1,18,0,1,0,10,6.729824066,100,1
616,1,16,0,1,0,2,6.43775177,4,0.04
617,1,16,0,1,0,6,6.33327961,36,0.36
618,1,16,0,1,0,6,7.251345158,36,0.36
619,1,12,0,1,0,7,6.173786163,49,0.49
621,1,12,0,1,0,6,6.396929741,36,0.36
623,1,9,0,1,0,13,5.703782558,169,1.69
624,1,9,0,1,0,10,6.224558353,100,1
626,1,14,1,1,0,5,6.0330863,25,0.25
627,1,12,1,1,0,6,5.703782558,36,0.36
628,1,18,0,1,0,3,6.762729645,9,0.09
629,1,16,0,1,0,3,5.703782558,9,0.09
635,1,12,0,1,0,14,6.580639362,196,1.96
640,1,12,0,1,0,16,6.752270222,256,2.56
641,1,10,0,1,0,14,6.603943825,196,1.96
644,1,17,1,1,0,8,6.964135647,64,0.64
647,1,12,1,1,0,14,6.270988464,196,1.96
648,1,11,0,1,0,17,6.349139214,289,2.89
649,1,12,0,0,0,14,6.690842152,196,1.96
651,1,10,0,1,0,14,5.991464615,196,1.96
652,1,18,0,1,0,5,6.869014263,25,0.25
653,1,18,0,1,0,3,6.705638885,9,0.09
654,1,13,0,1,0,9,6.606650352,81,0.81
655,1,18,0,1,0,6,6.580639362,36,0.36
658,1,18,0,1,0,0,6.816735744,0,0
662,1,17,0,1,0,4,5.93753624,16,0.16
663,1,14,0,1,0,6,5.857933044,36,0.36
667,1,11,0,1,0,16,6.542471886,256,2.56
669,1,12,0,1,1,14,6.921658039,196,1.96
671,1,18,0,1,0,10,7.035268784,100,1
673,1,18,0,1,0,6,7.443663597,36,0.36
675,1,12,0,1,0,8,6.270988464,64,0.64
676,1,17,1,1,0,9,6.511745453,81,0.81
677,1,17,0,1,0,5,6.917705536,25,0.25
679,1,18,0,1,0,4,6.740519524,16,0.16
680,1,11,0,1,0,10,6.565265179,100,1
681,1,16,0,0,0,4,6.709304333,16,0.16
682,1,12,0,1,0,6,6.102558613,36,0.36
685,1,15,0,1,0,4,6.214608192,16,0.16
686,1,16,0,1,0,9,6.955592632,81,0.81
687,1,18,0,1,0,5,7.091742039,25,0.25
689,1,12,0,1,0,15,6.536691666,225,2.25
692,1,16,0,1,0,6,6.473890781,36,0.36
695,1,13,0,1,0,11,6.774223804,121,1.21
703,1,17,0,1,0,2,6.306275368,4,0.04
704,1,7,0,1,0,15,6.396929741,225,2.25
705,1,15,0,1,0,13,7.716015339,169,1.69
706,1,12,0,1,0,13,7.273786545,169,1.69
708,1,12,1,1,0,16,5.768321037,256,2.56
709,1,18,0,1,0,9,7.140452862,81,0.81
710,1,12,0,1,0,6,6.396929741,36,0.36
711,1,11,1,1,0,9,5.703782558,81,0.81
714,1,16,0,1,0,2,6.287858486,4,0.04
715,1,12,0,0,0,15,6.612040997,225,2.25
717,1,12,0,1,0,15,6.740519524,225,2.25
719,1,16,0,1,0,7,6.700731277,49,0.49
721,1,12,0,1,0,10,6.907755375,100,1
727,1,16,0,1,0,4,6.329720974,16,0.16
729,1,18,0,1,0,2,5.652489185,4,0.04
732,1,16,0,1,0,5,6.079933167,25,0.25
733,1,13,0,1,0,6,5.783825397,36,0.36
734,1,16,0,1,0,6,6.363028049,36,0.36
735,1,16,1,1,0,4,6.376727104,16,0.16
742,1,18,0,1,0,5,6.685861111,25,0.25
747,1,14,0,1,0,5,5.743003368,25,0.25
749,1,12,1,1,0,11,5.52146101,121,1.21
750,1,15,1,1,0,6,6.214608192,36,0.36
751,1,12,1,1,0,15,6.620073318,225,2.25
752,1,13,0,1,1,12,5.837730408,144,1.44
753,1,15,0,1,0,7,5.52146101,49,0.49
754,1,16,0,1,0,2,6.551080227,4,0.04
756,1,12,0,1,0,7,5.991464615,49,0.49
757,1,17,0,1,0,4,6.318968296,16,0.16
758,1,15,0,1,0,7,6.549650669,49,0.49
759,1,14,0,1,0,4,7.561641693,16,0.16
762,1,18,0,1,0,8,7.103322029,64,0.64
763,1,16,0,1,0,7,6.421622276,49,0.49
764,1,14,0,1,0,5,6.613384247,25,0.25
765,1,16,0,1,0,2,6.126869202,4,0.04
767,1,18,0,1,0,1,6.472346306,1,0.01
768,1,12,0,1,0,7,6.613384247,49,0.49
770,1,16,0,1,1,3,6.703187943,9,0.09
772,1,16,0,1,0,9,6.762729645,81,0.81
773,1,12,0,1,0,10,6.295266151,100,1
774,1,13,0,1,0,8,5.899897575,64,0.64
775,1,10,0,1,0,8,6.0330863,64,0.64
776,1,16,0,1,0,5,6.48768425,25,0.25
777,1,15,0,1,0,5,6.270988464,25,0.25
778,1,17,0,1,0,6,6.746412277,36,0.36
779,1,12,0,1,0,7,6.49677515,49,0.49
781,1,16,0,1,0,2,6.270988464,4,0.04
784,1,18,0,1,0,4,6.790097237,16,0.16
785,1,17,0,1,1,5,6.762729645,25,0.25
786,1,18,0,1,1,2,5.442417622,4,0.04
791,1,12,0,0,1,14,6.687108517,196,1.96
792,1,13,0,1,0,8,6.278521538,64,0.64
798,1,15,1,1,0,4,6.652863026,16,0.16
799,1,14,1,1,0,4,6.165417671,16,0.16
800,1,16,0,1,0,11,6.762729645,121,1.21
801,1,16,0,0,0,6,6.921658039,36,0.36
802,1,18,0,1,0,8,6.463029385,64,0.64
803,1,16,0,1,0,2,5.808142662,4,0.04
804,1,11,1,1,0,17,6.320768356,289,2.89
805,1,18,0,1,0,2,6.269096375,4,0.04
807,1,12,0,1,0,8,6.453625202,64,0.64
809,1,11,1,1,1,10,6.214608192,100,1
810,1,16,1,1,0,12,7.050989628,144,1.44
813,1,18,0,1,0,2,6.751101494,4,0.04
814,1,12,0,0,0,10,6.171700478,100,1
815,1,18,0,1,1,1,6.705638885,1,0.01
816,1,18,0,1,0,5,6.539586067,25,0.25
817,1,16,0,0,0,11,6.896694183,121,1.21
818,1,16,0,1,1,9,6.102558613,81,0.81
819,1,18,0,1,0,10,6.909753323,100,1
820,1,18,0,1,0,10,7.123672962,100,1
821,1,14,0,0,0,12,6.825459957,144,1.44
822,1,12,0,1,0,10,6.347389221,100,1
824,1,12,0,1,0,13,6.26339817,169,1.69
827,1,12,0,1,0,10,7.050989628,100,1
832,1,12,1,1,0,6,6.173786163,36,0.36
836,1,11,0,1,0,7,6.732210636,49,0.49
838,1,14,0,1,0,13,7.24565506,169,1.69
840,1,13,1,1,0,8,5.991464615,64,0.64
841,1,12,0,1,0,15,6.565265179,225,2.25
845,1,14,0,1,0,4,6.453625202,16,0.16
846,1,13,0,1,0,7,5.961005211,49,0.49
847,1,12,0,1,0,8,6.533788681,64,0.64
850,1,12,0,1,0,16,6.445719719,256,2.56
851,1,15,0,1,0,13,6.950814724,169,1.69
857,1,12,0,1,0,6,6.357842445,36,0.36
862,1,12,0,1,0,7,6.214608192,49,0.49
863,1,12,0,0,0,16,6.660574913,256,2.56
864,1,13,0,1,0,7,6.357842445,49,0.49
865,1,13,0,1,0,6,6.26339817,36,0.36
867,1,17,0,1,0,5,5.953243256,25,0.25
870,1,12,0,1,0,11,6.43775177,121,1.21
871,1,16,0,1,0,6,6.43775177,36,0.36
872,1,13,0,1,0,7,6.163314819,49,0.49
875,1,14,0,1,0,5,6.49072361,25,0.25
876,1,16,0,1,0,2,6.052089214,4,0.04
878,1,14,0,1,0,5,6.261491776,25,0.25
879,0,12,0,1,0,8,6.43775177,64,0.64
880,0,16,0,1,0,9,6.917705536,81,0.81
881,0,12,0,1,0,8,6.398594856,64,0.64
882,0,12,0,1,0,9,6.694561958,81,0.81
883,0,12,0,1,0,10,6.054439545,100,1
885,0,12,0,1,0,12,6.966024399,144,1.44
886,0,12,0,1,0,8,6.025866032,64,0.64
887,0,12,0,1,0,12,6.198478699,144,1.44
888,0,12,0,1,0,9,5.783825397,81,0.81
889,0,12,0,1,0,10,5.616771221,100,1
891,0,12,0,1,0,7,5.673323154,49,0.49
892,0,18,0,1,1,7,6.59441328,49,0.49
893,0,14,0,1,1,6,6.190315247,36,0.36
894,0,14,0,1,0,4,5.820083141,16,0.16
895,0,12,0,1,0,9,6.586171627,81,0.81
897,0,13,0,0,0,6,6.086774826,36,0.36
899,0,16,0,0,0,5,6.463029385,25,0.25
900,0,12,0,1,0,10,5.926926136,100,1
901,0,12,0,1,0,7,6.175867081,49,0.49
902,0,14,0,1,0,9,6.82979393,81,0.81
904,0,12,0,1,0,8,6.242223263,64,0.64
905,0,12,0,1,0,15,6.970730305,225,2.25
908,0,12,0,1,0,10,6.458338261,100,1
909,0,12,0,1,0,14,6.605298042,196,1.96
910,0,12,0,1,0,8,6.200509071,64,0.64
911,0,10,0,1,1,8,6.47697258,64,0.64
912,0,7,0,1,0,18,5.730099678,324,3.24
913,0,16,0,1,0,8,6.444131374,64,0.64
914,0,13,0,0,0,9,6.013715267,81,0.81
915,0,18,0,1,0,9,6.396929741,81,0.81
916,0,12,0,0,0,10,6.613384247,100,1
917,0,17,0,1,0,8,6.43775177,64,0.64
919,0,12,0,0,0,11,6.308098316,121,1.21
920,0,15,0,0,0,3,5.786897182,9,0.09
921,0,9,0,0,0,11,5.552959442,121,1.21
924,1,12,0,1,0,8,6.774223804,64,0.64
925,1,12,0,0,0,7,6.459904671,49,0.49
927,1,11,0,0,0,16,6.502789974,256,2.56
928,1,14,0,1,1,9,6.222576141,81,0.81
929,1,17,0,1,1,2,5.746203423,4,0.04
931,1,18,0,1,1,3,6.917705536,9,0.09
932,1,10,0,0,0,17,6.907755375,289,2.89
933,1,16,0,0,0,6,6.580639362,36,0.36
935,1,12,0,0,0,9,6.665683746,81,0.81
936,1,12,0,0,0,16,6.30261898,256,2.56
938,1,12,0,0,0,7,6.719013214,49,0.49
939,1,12,0,0,0,7,5.0689044,49,0.49
940,1,10,0,0,0,11,6.551080227,121,1.21
941,1,13,0,0,0,9,6.580639362,81,0.81
942,1,12,0,0,0,6,5.717027664,36,0.36
944,1,16,0,1,0,3,6.315358162,9,0.09
945,1,14,0,1,1,6,6.295266151,36,0.36
947,1,16,0,0,0,2,6.232448101,4,0.04
948,1,16,0,0,0,2,5.953243256,4,0.04
949,0,12,0,1,0,14,7.273786545,196,1.96
951,0,16,0,1,0,10,6.778784752,100,1
953,0,13,0,1,0,5,6.907755375,25,0.25
954,0,12,0,0,0,10,6.7604146,100,1
956,0,12,0,0,0,9,6.606650352,81,0.81
957,0,12,0,0,0,16,6.790097237,256,2.56
958,0,15,0,1,0,8,6.126869202,64,0.64
961,1,12,0,1,0,16,6.109247684,256,2.56
963,1,12,0,1,0,16,6.551080227,256,2.56
965,1,14,0,1,0,13,6.612040997,169,1.69
967,1,16,0,1,0,10,6.790097237,100,1
969,1,18,0,1,0,8,6.539586067,64,0.64
971,1,18,0,0,0,9,6.40357399,81,0.81
972,1,18,0,1,0,6,6.43775177,36,0.36
973,1,14,0,1,0,13,6.61472559,169,1.69
974,1,18,0,1,0,9,6.587550163,81,0.81
975,1,12,0,1,0,12,6.327936649,144,1.44
976,1,12,0,0,0,8,6.049733639,64,0.64
977,1,12,0,0,0,8,5.991464615,64,0.64
978,1,14,0,1,0,6,5.52146101,36,0.36
979,1,13,0,1,0,7,6.470799446,49,0.49
980,1,12,0,1,0,6,6.393590927,36,0.36
981,1,12,0,1,0,9,6.907755375,81,0.81
983,1,12,0,0,0,10,6.269096375,100,1
984,1,12,0,0,0,8,6.175867081,64,0.64
985,1,12,0,0,0,15,6.745236397,225,2.25
986,1,14,0,0,0,10,6.226536751,100,1
987,1,12,0,1,0,11,6.238324642,121,1.21
988,1,11,0,1,0,9,5.393627644,81,0.81
989,1,16,0,1,0,2,5.036952496,4,0.04
990,1,12,0,1,0,13,5.480638981,169,1.69
991,1,12,0,1,0,10,6.322565079,100,1
996,1,15,0,1,0,6,6.214608192,36,0.36
997,1,16,0,1,0,4,5.918893814,16,0.16
998,1,10,0,0,0,9,5.857933044,81,0.81
999,1,12,0,0,0,8,6.36990118,64,0.64
1004,1,13,0,0,0,7,6.244166851,49,0.49
1006,0,12,0,0,0,11,5.966146946,121,1.21
1008,0,16,0,0,0,3,5.634789467,9,0.09
1009,0,12,0,0,0,15,6.536691666,225,2.25
1010,0,12,0,0,0,8,5.703782558,64,0.64
1011,0,17,0,0,0,4,6.453625202,16,0.16
1012,0,13,0,0,0,7,5.834810734,49,0.49
1013,0,16,0,0,0,4,6.224558353,16,0.16
1014,0,13,0,0,0,5,5.874930859,25,0.25
1015,0,12,0,0,0,15,5.568344593,225,2.25
1017,0,10,0,0,0,16,5.991464615,256,2.56
1020,0,13,0,0,0,10,6.606650352,100,1
1021,0,12,0,0,0,16,5.834810734,256,2.56
1023,0,15,0,0,0,8,5.620400906,64,0.64
1024,0,9,0,0,0,9,6.056784153,81,0.81
1026,0,12,0,0,0,7,5.476463318,49,0.49
1027,0,13,0,0,0,5,5.953243256,25,0.25
1028,0,12,0,0,0,11,5.857933044,121,1.21
1030,0,12,0,0,0,11,6.395261765,121,1.21
1031,0,15,0,1,0,10,6.620073318,100,1
1033,0,16,0,0,0,11,6.539586067,121,1.21
1034,0,12,0,0,0,16,4.990432739,256,2.56
1036,1,12,0,1,0,8,5.634789467,64,0.64
1037,1,18,0,1,0,8,6.645091057,64,0.64
1038,1,13,0,1,0,13,6.917705536,169,1.69
1040,1,14,0,0,0,6,6.24804306,36,0.36
1041,1,16,0,0,0,4,5.991464615,16,0.16
1046,1,12,0,0,0,7,5.926926136,49,0.49
1047,1,12,0,0,0,13,6.390240669,169,1.69
1049,1,7,0,0,0,18,5.857933044,324,3.24
1050,1,11,0,0,0,16,6.0330863,256,2.56
1051,1,16,0,0,0,7,5.823045731,49,0.49
1052,1,18,0,0,0,2,6.175867081,4,0.04
1053,1,12,0,0,0,10,6.214608192,100,1
1054,1,12,0,0,0,9,5.720311642,81,0.81
1056,1,10,0,0,0,18,6.109247684,324,3.24
1058,1,16,0,1,0,7,6.645091057,49,0.49
1059,1,16,0,1,0,4,6.580639362,16,0.16
1060,1,13,0,1,0,10,6.907755375,100,1
1062,1,14,0,1,0,10,6.43775177,100,1
1063,1,16,0,1,0,4,6.705638885,16,0.16
1064,1,12,0,1,0,16,5.932245255,256,2.56
1067,1,12,0,1,0,15,6.56244421,225,2.25
1068,1,14,0,1,0,4,6.018593311,16,0.16
1070,1,13,0,1,0,13,7.199678421,169,1.69
1071,1,12,0,0,0,16,6.573680401,256,2.56
1075,1,10,1,1,0,16,5.257495403,256,2.56
1076,1,16,1,1,0,10,6.680854797,100,1
1077,1,16,1,1,0,12,6.828711987,144,1.44
1078,1,15,1,1,0,5,5.480638981,25,0.25
1079,1,13,0,1,0,6,6.43775177,36,0.36
1080,1,8,0,1,0,10,6.93244791,100,1
1081,1,12,1,0,1,10,6.220590115,100,1
1089,1,16,0,1,0,6,6.135564804,36,0.36
1090,1,16,0,0,0,3,6.165417671,9,0.09
1091,1,15,0,1,1,5,6.214608192,25,0.25
1094,1,12,0,0,0,16,6.907755375,256,2.56
1095,1,13,0,0,0,15,6.49677515,225,2.25
1097,1,15,0,1,0,13,6.561030865,169,1.69
1098,1,16,0,1,1,9,6.833031654,81,0.81
1099,1,12,0,0,0,6,5.703782558,36,0.36
1100,1,15,0,1,0,6,5.899897575,36,0.36
1101,1,12,0,1,0,12,6.469250202,144,1.44
1104,1,18,0,0,0,1,6.135564804,1,0.01
1105,1,18,0,1,0,9,6.933423042,81,0.81
1107,1,12,0,1,0,6,6.26339817,36,0.36
1110,1,18,0,1,0,5,5.926926136,25,0.25
1111,1,18,0,1,0,10,7.338238239,100,1
1112,1,18,0,1,0,9,6.827629089,81,0.81
1113,1,13,0,1,0,7,6.342121601,49,0.49
1114,1,14,0,1,0,5,6.396929741,25,0.25
1115,1,15,0,1,0,6,6.580639362,36,0.36
1116,1,17,0,1,0,1,7.017506123,1,0.01
1121,1,14,0,1,0,7,6.568078041,49,0.49
1122,1,16,0,1,0,7,6.694561958,49,0.49
1124,1,11,0,1,0,10,6.82979393,100,1
1126,1,9,0,1,0,10,6.309918404,100,1
1127,1,12,0,1,0,8,5.602118969,64,0.64
1129,1,7,0,1,0,19,6.72503376,361,3.61
1130,1,12,0,1,0,12,7.090076923,144,1.44
1131,1,14,0,1,0,13,6.364750862,169,1.69
1132,1,17,1,1,0,11,6.53087759,121,1.21
1133,1,18,1,1,0,8,6.907755375,64,0.64
1134,1,13,1,1,0,5,6.285997868,25,0.25
1135,1,12,1,1,0,10,6.536691666,100,1
1139,1,12,0,1,0,10,6.214608192,100,1
1141,1,13,0,1,0,14,6.620073318,196,1.96
1142,1,17,0,1,1,6,6.816735744,36,0.36
1144,1,15,0,1,0,3,6.396929741,9,0.09
1145,1,16,0,1,0,2,6.357842445,4,0.04
1146,1,12,0,1,0,8,6.398594856,64,0.64
1147,1,12,0,1,0,13,6.357842445,169,1.69
1148,1,12,0,1,0,14,6.517671108,196,1.96
1150,1,18,1,1,0,3,6.159095287,9,0.09
1152,1,14,0,1,0,4,5.857933044,16,0.16
1153,1,15,0,1,0,11,6.429719448,121,1.21
1154,1,16,0,1,0,2,5.934894085,4,0.04
1155,1,16,0,1,0,3,5.493061543,9,0.09
1156,1,12,0,1,0,8,6.620073318,64,0.64
1158,1,18,0,0,0,6,6.089045048,36,0.36
1159,1,14,0,1,0,9,6.533788681,81,0.81
1160,1,18,0,0,0,1,6.21660614,1,0.01
1161,1,12,0,1,0,11,5.991464615,121,1.21
1162,1,12,0,1,0,8,6.888572693,64,0.64
1163,1,14,0,1,1,10,6.475432873,100,1
1168,1,12,0,1,0,14,6.43775177,196,1.96
1169,1,16,1,1,0,6,6.561030865,36,0.36
1172,1,12,0,1,0,11,6.949856281,121,1.21
1173,1,12,0,1,0,9,6.634633541,81,0.81
1177,1,13,0,0,0,6,6.261491776,36,0.36
1179,1,13,1,1,0,8,6.354370117,64,0.64
1180,1,14,1,1,0,6,6.762729645,36,0.36
1183,1,12,1,1,0,10,6.569481373,100,1
1184,1,16,0,1,0,5,6.511745453,25,0.25
1185,1,12,0,1,0,7,6.495265484,49,0.49
1186,1,14,0,1,0,9,6.297109127,81,0.81
1187,1,13,0,1,0,6,6.26339817,36,0.36
1188,1,12,0,1,0,10,6.46146822,100,1
1189,1,12,0,1,0,8,5.693732262,64,0.64
1191,1,8,1,1,0,19,6.853299141,361,3.61
1192,1,12,1,1,0,16,6.214608192,256,2.56
1202,1,13,1,1,0,6,6.429719448,36,0.36
1203,1,12,1,1,0,7,5.624017715,49,0.49
1205,1,10,0,0,1,10,5.480638981,100,1
1206,1,10,0,0,1,9,5.480638981,81,0.81
1207,1,12,0,1,0,15,6.135564804,225,2.25
1209,1,12,1,1,0,9,6.001414776,81,0.81
1210,1,12,1,1,0,7,6.109247684,49,0.49
1213,1,12,1,1,0,6,5.52146101,36,0.36
1215,1,11,1,1,0,9,6.588926315,81,0.81
1216,1,12,1,1,0,6,6.502789974,36,0.36
1224,1,12,1,1,0,10,6.869014263,100,1
1228,1,14,0,1,0,7,6.620073318,49,0.49
1230,1,14,0,1,0,5,6.502789974,25,0.25
1231,1,17,0,0,0,11,6.539586067,121,1.21
1233,1,12,1,1,0,7,6.142037392,49,0.49
1235,1,12,1,1,0,12,6.463029385,144,1.44
1236,1,11,1,1,0,12,6.565265179,144,1.44
1238,1,13,1,1,0,6,6.052089214,36,0.36
1243,1,12,0,1,0,9,6.72503376,81,0.81
1244,1,12,0,1,0,8,5.730099678,64,0.64
1245,1,16,0,1,0,7,6.43775177,49,0.49
1246,1,16,0,1,0,10,7.273786545,100,1
1248,1,16,0,1,0,3,6.511745453,9,0.09
1250,1,17,0,1,0,5,7.204892635,25,0.25
1251,1,17,0,1,0,10,5.991464615,100,1
1252,1,9,0,0,0,19,6.249975204,361,3.61
1253,1,14,0,1,0,6,6.12249279,36,0.36
1255,1,17,0,1,1,10,6.013715267,100,1
1256,1,18,0,1,0,10,6.326149464,100,1
1258,1,12,1,1,0,6,5.438079357,36,0.36
1260,1,17,0,1,0,4,6.933423042,16,0.16
1262,1,12,0,1,0,9,6.986566544,81,0.81
1263,1,14,0,1,0,4,7.091742039,16,0.16
1264,1,17,0,0,0,2,5.796057701,4,0.04
1266,1,18,0,1,0,3,6.175867081,9,0.09
1267,1,18,0,1,1,0,6.511745453,0,0
1268,1,17,0,1,0,8,7.428333282,64,0.64
1269,1,16,0,1,0,12,7.156176567,144,1.44
1272,1,12,0,1,0,6,6.357842445,36,0.36
1273,1,18,0,1,0,3,6.095824718,9,0.09
1275,1,16,1,1,0,6,6.175867081,36,0.36
1277,1,12,1,1,0,6,6.146329403,36,0.36
1279,1,6,0,1,0,19,6.504288197,361,3.61
1283,1,15,0,1,0,6,5.655992031,36,0.36
1284,1,18,0,1,0,9,6.357842445,81,0.81
1285,1,14,0,1,0,9,6.580639362,81,0.81
1286,1,12,0,1,0,7,6.135564804,49,0.49
1287,1,15,0,1,0,4,6.620073318,16,0.16
1288,1,12,0,1,0,6,5.298317432,36,0.36
1293,1,12,0,1,0,9,6.47697258,81,0.81
1295,1,18,0,1,0,4,6.175867081,16,0.16
1298,1,11,0,1,0,7,6.396929741,49,0.49
1305,1,16,0,1,1,6,6.645091057,36,0.36
1306,1,17,0,1,0,4,6.652863026,16,0.16
1307,1,16,0,1,0,2,6.463029385,4,0.04
1310,1,14,0,1,0,13,6.961296082,169,1.69
1311,1,16,0,1,0,9,6.516192913,81,0.81
1312,1,12,0,1,0,10,6.53813982,100,1
1313,1,17,0,1,0,7,6.869014263,49,0.49
1314,1,13,0,1,0,9,5.991464615,81,0.81
1315,1,16,0,1,0,5,6.511745453,25,0.25
1323,1,18,1,1,0,10,7.273786545,100,1
1334,1,18,0,1,0,8,6.270988464,64,0.64
1336,1,14,1,1,0,7,6.551080227,49,0.49
1337,1,8,1,1,0,20,6.514712811,400,4
1338,1,18,0,1,0,1,6.202535629,1,0.01
1340,1,12,0,1,0,6,6.214608192,36,0.36
1349,1,16,1,1,0,2,6.109247684,4,0.04
1350,1,13,1,1,0,6,6.398594856,36,0.36
1353,1,13,1,1,0,9,6.575075626,81,0.81
1354,1,12,1,1,0,11,6.354370117,121,1.21
1355,1,12,1,1,0,7,5.857933044,49,0.49
1356,1,12,1,1,0,6,5.857933044,36,0.36
1358,1,16,0,1,0,7,6.466144562,49,0.49
1359,1,15,0,1,0,3,6.514712811,9,0.09
1360,1,15,0,1,0,7,6.5206213,49,0.49
1361,1,12,0,1,0,9,6.280395985,81,0.81
1362,1,16,0,1,0,9,6.261491776,81,0.81
1363,1,16,0,1,1,6,6.502789974,36,0.36
1364,1,14,0,1,0,6,5.91350317,36,0.36
1365,1,15,0,1,0,5,6.489204884,25,0.25
1371,1,12,1,1,0,16,6.551080227,256,2.56
1374,1,18,0,1,0,3,5.739792824,9,0.09
1375,1,9,0,1,0,18,6.734591484,324,3.24
1377,1,14,0,1,0,11,6.492239952,121,1.21
1379,1,16,0,1,0,9,6.539586067,81,0.81
1382,1,15,0,1,0,7,6.357842445,49,0.49
1389,1,17,0,1,0,3,6.558197975,9,0.09
1391,1,16,0,1,1,5,5.676753998,25,0.25
1392,1,13,0,1,0,7,6.620073318,49,0.49
1395,1,16,0,1,0,12,7.273786545,144,1.44
1396,1,16,0,1,0,11,7.091742039,121,1.21
1397,1,15,0,1,1,12,7.379631996,144,1.44
1399,1,14,0,1,1,12,6.645091057,144,1.44
1407,1,16,0,1,0,9,6.24027586,81,0.81
1408,1,12,0,1,0,13,6.690842152,169,1.69
1409,1,17,0,1,0,11,6.869014263,121,1.21
1411,1,12,0,1,0,7,6.514712811,49,0.49
1413,1,13,0,1,0,5,5.986452103,25,0.25
1416,1,14,0,1,0,13,6.751101494,169,1.69
1421,1,11,1,1,0,8,6.54102993,64,0.64
1422,1,11,1,1,0,7,6.463029385,49,0.49
1423,1,13,1,1,0,8,5.843544483,64,0.64
1424,1,12,1,1,0,9,6.329720974,81,0.81
1425,1,12,1,1,0,6,6.527957916,36,0.36
1428,1,16,0,1,1,7,6.150602818,49,0.49
1430,1,16,0,1,0,4,5.703782558,16,0.16
1431,1,18,0,1,0,1,6.511745453,1,0.01
1432,1,16,0,1,0,2,5.953243256,4,0.04
1436,1,16,0,1,0,11,6.694561958,121,1.21
1438,1,17,0,1,0,1,6.306275368,1,0.01
1439,1,16,0,1,0,4,6.214608192,16,0.16
1440,1,13,0,1,0,10,6.588926315,100,1
1441,1,16,0,1,0,6,6.261491776,36,0.36
1445,1,15,1,1,0,3,6.109247684,9,0.09
1448,1,12,1,1,0,10,6.626717567,100,1
1449,1,12,1,1,0,6,6.46146822,36,0.36
1454,1,12,1,1,0,6,5.746203423,36,0.36
1458,1,12,0,1,0,11,7.261927128,121,1.21
1459,1,12,0,1,0,10,6.634633541,100,1
1460,1,12,0,1,0,8,6.396929741,64,0.64
1461,1,16,0,1,0,10,7.013015747,100,1
1462,1,16,0,1,0,11,6.637258053,121,1.21
1463,1,12,0,1,0,14,6.47697258,196,1.96
1464,1,14,0,1,0,7,7.051855564,49,0.49
1465,1,12,0,1,0,6,6.396929741,36,0.36
1467,1,12,0,1,0,11,6.318968296,121,1.21
1468,1,11,0,1,0,11,6.297109127,121,1.21
1469,1,11,0,1,0,8,6.309918404,64,0.64
1470,1,11,0,1,0,14,6.684611797,196,1.96
1472,1,11,0,1,0,9,6.907755375,81,0.81
1474,1,12,0,1,0,13,6.761572838,169,1.69
1475,1,13,0,1,0,13,6.418365002,169,1.69
1476,1,16,0,1,0,2,6.251904011,4,0.04
1480,1,13,1,1,0,11,6.561030865,121,1.21
1485,1,13,1,1,0,7,6.70686245,49,0.49
1486,1,10,1,1,0,9,5.703782558,81,0.81
1490,1,16,0,1,0,8,6.55393362,64,0.64
1491,1,16,0,1,0,12,7.186901093,144,1.44
1492,1,12,1,1,0,9,5.940171242,81,0.81
1495,1,11,1,1,0,9,5.991464615,81,0.81
1496,1,11,1,1,0,8,6.210599899,64,0.64
1497,1,10,1,1,0,17,6.49677515,289,2.89
1498,1,10,1,1,0,17,6.396929741,289,2.89
1499,1,18,0,0,1,8,6.941190243,64,0.64
1502,1,14,0,1,0,5,6.983789921,25,0.25
1503,1,18,0,1,1,0,5.991464615,0,0
1504,1,16,0,1,0,11,6.463029385,121,1.21
1506,1,12,0,1,0,14,6.429719448,196,1.96
1508,1,17,0,1,0,7,6.175867081,49,0.49
1510,1,16,0,1,0,11,6.964135647,121,1.21
1511,1,12,0,1,0,8,6.300786018,64,0.64
1512,1,14,0,1,0,6,6.666956902,36,0.36
1513,1,18,0,1,0,1,6.184148788,1,0.01
1514,1,14,0,1,0,14,6.582025051,196,1.96
1515,1,15,0,1,0,7,6.543911934,49,0.49
1516,1,15,0,1,0,13,6.308098316,169,1.69
1517,1,15,0,1,0,11,6.675823212,121,1.21
1518,1,16,0,1,1,11,7.561641693,121,1.21
1520,1,15,0,1,0,12,6.675823212,144,1.44
1521,1,15,0,1,0,7,6.802394867,49,0.49
1523,1,14,0,1,0,12,6.483107567,144,1.44
1526,1,12,0,1,0,9,6.24027586,81,0.81
1528,1,14,0,1,0,9,5.950642586,81,0.81
1529,1,16,0,0,1,5,6.214608192,25,0.25
1530,1,15,0,1,0,4,6.398594856,16,0.16
1531,1,12,0,1,0,9,6.082219124,81,0.81
1532,1,12,0,1,0,7,6.214608192,49,0.49
1535,1,18,0,1,0,9,7.142036438,81,0.81
1536,1,14,0,1,1,6,6.616065025,36,0.36
1537,1,14,0,1,0,7,6.24027586,49,0.49
1539,1,12,0,1,1,15,6.551080227,225,2.25
1541,1,16,0,1,0,7,6.510258198,49,0.49
1542,1,17,0,1,0,7,6.890609264,49,0.49
1543,1,13,0,0,0,10,5.393627644,100,1
1544,1,18,0,1,0,9,7.091742039,81,0.81
1545,1,12,0,0,0,12,6.502789974,144,1.44
1548,1,14,1,1,0,8,6.731018066,64,0.64
1551,1,15,0,1,0,4,6.095824718,16,0.16
1554,1,12,0,1,0,7,6.297109127,49,0.49
1555,1,14,0,1,1,10,6.224558353,100,1
1556,1,12,0,0,0,13,6.680854797,169,1.69
1557,1,9,0,1,0,9,5.877735615,81,0.81
1558,1,12,0,1,0,9,6.214608192,81,0.81
1559,1,12,0,1,0,16,6.869014263,256,2.56
1560,1,11,0,1,0,11,5.857933044,121,1.21
1561,1,15,0,1,0,3,5.746203423,9,0.09
1562,1,16,0,1,1,2,4.762174129,4,0.04
1563,1,12,0,1,0,15,6.587550163,225,2.25
1564,1,13,1,1,0,14,6.284134388,196,1.96
1565,1,13,1,1,1,7,6.276643276,49,0.49
1566,1,17,1,1,1,5,6.059123039,25,0.25
1569,1,16,0,1,0,12,6.997595787,144,1.44
1570,1,12,0,1,0,15,7.562681198,225,2.25
1571,1,18,0,1,1,8,6.745236397,64,0.64
1574,1,12,0,1,0,6,5.899897575,36,0.36
1575,1,16,0,1,0,4,6.161207199,16,0.16
1576,1,13,0,1,0,7,6.486160755,49,0.49
1577,1,12,0,1,0,7,6.086774826,49,0.49
1578,1,14,0,1,0,5,6.135564804,25,0.25
1579,0,16,0,1,0,6,6.511745453,36,0.36
1580,0,12,0,1,0,6,7.0475173,36,0.36
1582,0,12,0,1,0,13,6.684611797,169,1.69
1584,0,12,0,1,0,7,6.13122654,49,0.49
1586,0,12,0,1,0,8,5.811141014,64,0.64
1587,0,13,0,1,0,7,6.55393362,49,0.49
1588,0,12,0,1,0,7,6.261491776,49,0.49
1591,1,7,0,0,0,20,6.502789974,400,4
1594,1,18,0,1,0,2,6.463029385,4,0.04
1595,1,12,0,1,0,6,6.684611797,36,0.36
1597,1,12,0,1,0,14,6.357842445,196,1.96
1599,1,18,0,0,0,8,6.047372341,64,0.64
1600,1,18,0,1,0,5,6.773080349,25,0.25
1601,1,15,0,1,0,7,6.46146822,49,0.49
1604,0,16,0,1,1,7,7.003973961,49,0.49
1605,0,16,0,1,0,4,6.475432873,16,0.16
1606,0,12,0,1,1,8,6.109247684,64,0.64
1607,0,12,0,1,0,15,6.828711987,225,2.25
1608,0,11,0,1,0,10,6.548219204,100,1
1609,0,15,1,1,0,13,6.224558353,169,1.69
1610,0,16,0,1,1,6,6.320768356,36,0.36
1611,0,17,0,0,0,2,5.926926136,4,0.04
1612,0,15,0,1,1,7,6.511745453,49,0.49
1613,0,13,0,1,0,11,5.730099678,121,1.21
1614,0,12,0,1,0,16,6.371612072,256,2.56
1615,0,12,0,1,0,6,6.660574913,36,0.36
1620,1,12,0,1,0,9,6.486160755,81,0.81
1621,1,12,0,1,0,10,6.047372341,100,1
1624,1,16,0,1,0,6,7.156176567,36,0.36
1627,1,12,0,1,0,7,6.869014263,49,0.49
1628,1,12,0,1,0,12,6.684611797,144,1.44
1630,1,12,0,1,0,15,6.620073318,225,2.25
1631,1,18,0,1,0,5,6.472346306,25,0.25
1632,1,12,0,1,0,11,6.84375,121,1.21
1633,1,17,0,1,0,5,6.285997868,25,0.25
1637,1,15,0,1,0,3,5.669880867,9,0.09
1638,1,12,0,0,1,11,5.257495403,121,1.21
1639,1,18,0,1,0,6,6.70686245,36,0.36
1640,1,18,0,1,0,6,6.700731277,36,0.36
1641,1,12,0,1,0,11,6.588926315,121,1.21
1643,1,12,0,1,0,6,7.025538445,36,0.36
1645,1,17,1,1,0,5,6.421622276,25,0.25
1646,1,12,1,1,0,8,5.998936653,64,0.64
1647,1,11,0,1,0,9,6.558197975,81,0.81
1648,1,15,0,1,0,6,5.820083141,36,0.36
1649,1,17,0,1,0,5,6.72503376,25,0.25
1650,1,17,0,1,0,3,5.257495403,9,0.09
1653,1,12,0,1,0,8,6.593044758,64,0.64
1654,1,10,0,1,0,10,6.295266151,100,1
1655,1,12,0,0,0,10,6.712956429,100,1
1656,1,12,0,1,1,8,6.082219124,64,0.64
1657,1,14,0,1,1,4,6.599870682,16,0.16
1658,1,16,0,1,0,2,6.056784153,4,0.04
1660,1,12,0,0,0,12,5.828945637,144,1.44
1665,1,13,0,1,1,15,6.175867081,225,2.25
1666,1,16,0,1,0,10,6.705638885,100,1
1667,1,12,0,0,0,10,6.214608192,100,1
1669,1,12,1,1,0,7,6.297109127,49,0.49
1671,1,16,0,1,0,4,6.102558613,16,0.16
1675,1,15,0,0,0,4,5.379897118,16,0.16
1677,1,8,0,1,0,12,5.616771221,144,1.44
1678,1,15,1,1,0,3,5.863631248,9,0.09
1681,1,12,0,0,0,11,6.580639362,121,1.21
1682,1,12,0,0,0,9,6.915723324,81,0.81
1684,1,17,0,1,0,6,6.483107567,36,0.36
1685,1,16,0,1,0,4,6.688354492,16,0.16
1686,1,12,0,1,0,9,6.345636368,81,0.81
1688,1,16,0,1,0,3,6.396929741,9,0.09
1691,1,12,0,1,0,6,6.469250202,36,0.36
1692,1,13,0,1,0,7,6.109247684,49,0.49
1694,1,13,0,1,1,7,6.098074436,49,0.49
1696,1,15,0,0,0,8,6.380122662,64,0.64
1697,1,14,0,1,0,5,6.580639362,25,0.25
1698,1,12,0,1,0,14,6.54102993,196,1.96
1699,1,13,0,1,1,7,6.270988464,49,0.49
1700,1,9,0,1,0,15,6.152732849,225,2.25
1701,1,16,0,1,0,4,6.175867081,16,0.16
1702,1,16,0,1,0,3,6.135564804,9,0.09
1703,1,17,0,1,0,10,6.317164898,100,1
1704,1,14,0,1,0,12,6.762729645,144,1.44
1705,1,16,0,0,0,8,6.569481373,64,0.64
1706,1,12,0,0,0,6,6.606650352,36,0.36
1707,1,14,0,1,0,8,6.705638885,64,0.64
1708,1,12,0,1,0,16,6.517671108,256,2.56
1710,1,16,0,1,0,7,6.680854797,49,0.49
1711,1,13,0,1,0,5,6.645091057,25,0.25
1713,1,16,0,1,0,3,6.135564804,9,0.09
1714,1,14,0,1,0,4,6.251904011,16,0.16
1715,1,12,0,0,0,7,5.973809719,49,0.49
1716,1,13,0,1,1,13,6.684611797,169,1.69
1717,0,17,0,1,0,4,6.511745453,16,0.16
1718,0,16,0,0,0,11,6.175867081,121,1.21
1719,0,12,0,0,0,14,6.81454277,196,1.96
1720,0,12,0,0,0,7,6.175867081,49,0.49
1721,0,11,0,0,0,16,6.214608192,256,2.56
1724,0,16,0,0,0,2,5.953243256,4,0.04
1725,0,12,0,1,0,6,6.077642441,36,0.36
1729,0,12,0,0,0,7,6.265301228,49,0.49
1730,0,14,0,0,0,9,6.816735744,81,0.81
1731,0,16,0,0,0,3,6.295266151,9,0.09
1732,0,13,0,0,0,9,6.645091057,81,0.81
1735,0,12,0,0,0,6,5.420535088,36,0.36
1736,0,18,0,0,0,3,6.566672325,9,0.09
1740,0,18,0,0,0,10,5.846438885,100,1
1741,0,12,0,0,0,14,6.668228149,196,1.96
1742,0,14,0,1,0,6,6.120297432,36,0.36
1743,0,16,0,1,0,2,6.13122654,4,0.04
1744,0,13,0,0,0,7,5.624017715,49,0.49
1745,0,17,0,1,0,11,6.694561958,121,1.21
1746,0,14,0,0,0,7,6.436150551,49,0.49
1747,0,12,0,1,0,8,6.546785355,64,0.64
1748,0,14,0,0,0,6,5.934894085,36,0.36
1750,0,12,0,0,0,6,6.159095287,36,0.36
1751,0,12,0,0,0,6,6.052089214,36,0.36
1753,0,16,0,0,0,2,6.475432873,4,0.04
1755,0,15,0,1,0,4,6.196444035,16,0.16
1756,0,18,0,0,0,2,6.828711987,4,0.04
1758,0,12,0,0,0,6,5.857933044,36,0.36
1759,0,13,0,0,0,6,6.396929741,36,0.36
1762,0,9,0,0,0,16,6.061457157,256,2.56
1765,0,12,0,0,0,8,6.214608192,64,0.64
1766,0,9,0,0,0,9,6.214608192,81,0.81
1767,0,8,0,0,0,20,5.857933044,400,4
1768,0,14,0,0,0,7,5.91350317,49,0.49
1771,0,16,0,0,0,2,5.940171242,4,0.04
1772,0,14,0,0,0,5,5.52146101,25,0.25
1774,0,18,0,1,0,6,6.226536751,36,0.36
1776,0,12,0,1,0,9,6.428105354,81,0.81
1777,0,16,0,0,0,2,5.942799568,4,0.04
1779,0,12,0,0,0,12,5.888877869,144,1.44
1780,0,12,0,1,0,10,6.376727104,100,1
1781,0,12,0,1,0,6,5.857933044,36,0.36
1784,0,12,0,1,0,14,6.182085037,196,1.96
1785,0,11,0,0,0,17,6.727431774,289,2.89
1786,0,10,0,1,0,13,6.282266617,169,1.69
1789,1,17,0,0,0,5,5.953243256,25,0.25
1790,1,11,0,0,0,8,6.109247684,64,0.64
1791,1,16,0,0,0,6,6.196444035,36,0.36
1792,1,12,0,0,0,6,6.817830563,36,0.36
1794,1,18,0,1,0,8,6.722630024,64,0.64
1795,1,12,0,0,0,12,6.0730443,144,1.44
1796,1,12,0,0,0,8,6.551080227,64,0.64
1797,1,10,0,0,0,10,6.295266151,100,1
1799,1,16,0,0,0,2,5.442417622,4,0.04
1802,0,12,0,0,0,16,5.978885651,256,2.56
1803,0,12,0,1,0,7,6.580639362,49,0.49
1804,0,12,0,0,0,7,7.079184532,49,0.49
1809,0,12,0,1,0,7,6.21660614,49,0.49
1810,1,16,0,1,0,2,5.817111015,4,0.04
1812,1,12,0,0,0,14,6.336825848,196,1.96
1814,0,17,0,0,1,11,6.871091366,121,1.21
1816,0,12,0,1,0,15,7.22548151,225,2.25
1817,0,12,0,1,0,10,6.684611797,100,1
1819,0,12,0,1,0,12,6.411818504,144,1.44
1821,0,16,0,1,0,3,6.507277489,9,0.09
1822,0,11,0,1,0,8,6.098074436,64,0.64
1826,0,13,0,1,0,6,6.184148788,36,0.36
1830,0,18,0,0,0,8,6.565265179,64,0.64
1831,0,12,0,0,0,14,6.859614849,196,1.96
1832,0,11,0,0,0,8,6.173786163,64,0.64
1834,0,13,0,1,0,8,6.214608192,64,0.64
1835,0,16,0,1,1,4,6.12468338,16,0.16
1838,1,18,0,0,0,0,6.580639362,0,0
1839,1,12,0,0,0,6,6.597145557,36,0.36
1843,1,12,0,0,0,15,5.79909277,225,2.25
1844,1,12,0,0,0,9,6.01615715,81,0.81
1845,1,12,0,0,0,9,6.186208725,81,0.81
1847,1,18,0,1,1,7,6.869014263,49,0.49
1849,1,16,0,0,0,2,5.883322239,4,0.04
1853,0,12,0,0,0,6,5.79909277,36,0.36
1854,0,12,0,0,0,10,6.43775177,100,1
1857,0,12,0,0,0,8,6.204557896,64,0.64
1858,0,12,0,0,0,11,6.48157692,121,1.21
1859,0,12,0,0,0,9,6.582025051,81,0.81
1860,0,12,0,0,0,7,6.556778431,49,0.49
1861,0,9,0,0,0,14,6.242223263,196,1.96
1863,0,12,0,1,0,13,6.43775177,169,1.69
1864,0,18,0,0,0,5,6.432940006,25,0.25
1865,0,15,0,1,0,5,6.056784153,25,0.25
1867,0,12,0,0,0,11,6.48157692,121,1.21
1868,0,12,0,0,0,12,6.466144562,144,1.44
1869,0,12,0,1,0,16,6.354370117,256,2.56
1871,0,13,0,0,1,15,5.746203423,225,2.25
1872,0,18,0,0,0,0,6.498281956,0,0
1873,0,13,0,0,0,13,6.318968296,169,1.69
1875,0,18,0,1,0,0,5.703782558,0,0
1878,0,15,0,0,0,7,6.464588165,49,0.49
1880,0,14,0,1,0,8,6.502789974,64,0.64
1882,0,18,0,1,0,4,7.185387135,16,0.16
1883,0,12,0,1,0,6,6.222576141,36,0.36
1884,0,16,0,1,0,3,6.660574913,9,0.09
1886,0,14,0,1,0,5,6.705638885,25,0.25
1889,0,12,0,0,0,10,6.253829002,100,1
1890,0,12,0,0,0,9,6.357842445,81,0.81
1891,0,11,0,0,0,8,5.926926136,64,0.64
1892,0,12,0,0,0,6,6.214608192,36,0.36
1893,0,16,0,1,0,6,6.43775177,36,0.36
1894,0,16,0,0,0,12,6.527957916,144,1.44
1895,0,14,0,0,0,6,6.152732849,36,0.36
1896,0,13,0,0,0,8,6.442540169,64,0.64
1897,0,13,0,0,0,5,6.26339817,25,0.25
1899,0,12,0,0,0,14,6.317164898,196,1.96
1901,1,16,0,1,0,3,6.463029385,9,0.09
1903,1,13,0,1,0,15,6.24027586,225,2.25
1904,1,12,0,1,0,9,6.40357399,81,0.81
1905,1,13,0,1,0,14,6.551080227,196,1.96
1906,1,12,0,1,0,15,6.406879902,225,2.25
1907,1,12,0,1,0,15,6.928537846,225,2.25
1911,1,12,0,1,0,13,6.570882797,169,1.69
1912,1,12,0,1,0,10,6.214608192,100,1
1913,1,12,0,1,0,10,6.368186951,100,1
1914,1,12,0,1,0,13,6.559615135,169,1.69
1917,1,16,0,0,0,8,6.253829002,64,0.64
1919,1,16,0,1,0,7,6.486160755,49,0.49
1920,1,16,0,1,0,6,6.527957916,36,0.36
1922,1,13,0,1,0,6,5.620400906,36,0.36
1923,1,13,1,1,0,15,6.561030865,225,2.25
1926,1,12,0,1,0,16,6.669497967,256,2.56
1927,1,18,0,1,0,7,7.184628963,49,0.49
1928,1,14,0,1,0,8,6.001414776,64,0.64
1929,1,16,0,1,0,3,5.703782558,9,0.09
1930,1,12,0,1,0,8,6.511745453,64,0.64
1933,1,12,0,1,0,16,6.582025051,256,2.56
1935,1,16,0,0,0,4,6.645091057,16,0.16
1938,1,16,0,0,0,8,6.633318424,64,0.64
1939,1,18,0,0,0,6,6.0730443,36,0.36
1940,1,13,0,0,0,15,7.083387852,225,2.25
1941,1,17,0,0,0,8,6.135564804,64,0.64
1944,1,12,0,0,0,6,5.91350317,36,0.36
1945,1,12,0,0,0,12,6.163314819,144,1.44
1946,1,12,0,0,0,10,6.075345993,100,1
1947,1,12,0,0,0,8,5.805134773,64,0.64
1948,1,16,0,1,0,9,6.46146822,81,0.81
1949,1,12,0,0,0,16,6.224558353,256,2.56
1952,1,16,0,0,0,7,6.43775177,49,0.49
1953,1,12,0,0,0,13,6.135564804,169,1.69
1957,1,17,0,1,1,4,6.705638885,16,0.16
1960,1,17,0,1,0,1,6.070737839,1,0.01
1961,1,14,0,1,0,5,6.463029385,25,0.25
1962,1,15,0,0,0,4,5.416100502,16,0.16
1964,1,15,1,1,0,13,6.580639362,169,1.69
1967,1,16,0,1,0,4,6.582025051,16,0.16
1969,1,16,0,1,0,7,6.705638885,49,0.49
1970,1,16,0,1,0,5,6.498281956,25,0.25
1971,1,18,0,1,0,4,6.799056053,16,0.16
1973,1,11,0,1,0,17,6.675823212,289,2.89
1975,1,15,0,1,0,10,6.289715767,100,1
1976,1,11,0,1,0,10,6.799056053,100,1
1979,1,15,0,1,0,9,6.580639362,81,0.81
1980,1,13,0,1,0,5,6.82979393,25,0.25
1982,1,12,0,1,0,10,6.230481625,100,1
1983,1,16,0,1,0,10,6.834108829,100,1
1985,1,17,0,1,0,10,6.558197975,100,1
1987,1,12,0,1,0,12,6.762729645,144,1.44
1989,1,16,0,1,0,2,6.253829002,4,0.04
1991,1,12,0,1,0,6,6.0330863,36,0.36
1992,1,15,0,1,0,5,5.583496094,25,0.25
1993,1,15,0,1,0,3,6.43775177,9,0.09
1994,1,12,0,1,0,13,6.845880032,169,1.69
1999,1,16,0,1,0,3,6.641181946,9,0.09
2001,1,9,0,1,0,14,6.685861111,196,1.96
2002,1,15,0,1,0,7,6.561030865,49,0.49
2004,1,12,0,1,0,12,6.527957916,144,1.44
2005,1,16,0,1,0,4,6.0330863,16,0.16
2008,1,18,0,1,0,5,6.396929741,25,0.25
2009,1,15,0,1,0,4,6.525029659,16,0.16
2010,1,18,0,0,0,7,6.822197437,49,0.49
2011,1,12,0,1,0,14,6.603943825,196,1.96
2015,1,12,0,1,0,10,7.062191486,100,1
2016,1,11,0,1,0,12,6.639875889,144,1.44
2017,1,12,0,1,0,8,6.869014263,64,0.64
2018,1,18,0,1,0,3,5.703782558,9,0.09
2019,1,16,0,1,0,2,6.489204884,4,0.04
2020,1,12,0,1,0,8,6.135564804,64,0.64
2021,1,12,0,1,0,6,6.580639362,36,0.36
2024,1,12,0,1,0,7,6.762729645,49,0.49
2026,1,11,0,1,0,7,6.390240669,49,0.49
2029,1,12,0,1,0,14,6.812345028,196,1.96
2030,1,12,0,1,0,11,6.955592632,121,1.21
2031,1,13,0,1,1,15,6.120297432,225,2.25
2034,1,12,1,0,1,9,6.514712811,81,0.81
2035,1,12,1,1,0,6,6.580639362,36,0.36
2039,1,7,1,1,0,20,6.396929741,400,4
2040,1,12,1,1,0,10,6.82979393,100,1
2041,1,12,0,1,0,10,6.620073318,100,1
2042,1,12,0,1,0,10,6.33327961,100,1
2046,1,14,0,1,0,6,6.43775177,36,0.36
2047,1,10,0,0,0,13,5.703782558,169,1.69
2049,1,12,0,0,0,9,7.229838848,81,0.81
2050,1,14,0,1,0,5,6.152732849,25,0.25
2052,1,12,0,1,0,10,6.669497967,100,1
2054,1,16,0,1,0,3,5.438079357,9,0.09
2057,0,10,0,0,0,11,5.963579178,121,1.21
2058,0,12,0,1,0,15,5.752572536,225,2.25
2059,0,17,0,1,0,6,5.872117996,36,0.36
2060,0,8,0,1,0,12,6.214608192,144,1.44
2062,0,11,0,0,0,16,6.47697258,256,2.56
2063,0,12,0,1,0,9,6.703187943,81,0.81
2064,0,13,0,0,0,7,6.475432873,49,0.49
2065,0,12,0,1,0,11,6.075345993,121,1.21
2066,0,11,0,0,0,10,6.396929741,100,1
2070,0,13,0,1,1,7,5.327876091,49,0.49
2072,0,12,0,1,1,9,6.175867081,81,0.81
2073,0,13,0,1,1,5,6.184148788,25,0.25
2074,0,18,0,1,0,5,6.632001877,25,0.25
2075,0,12,0,1,0,8,6.902742863,64,0.64
2076,1,12,0,1,0,11,7.062191486,121,1.21
2078,1,16,0,1,0,3,5.749392986,9,0.09
2080,1,13,0,1,0,6,6.81892395,36,0.36
2082,1,13,0,1,0,7,6.498281956,49,0.49
2083,1,12,0,1,0,11,6.663132668,121,1.21
2084,1,13,0,1,0,13,6.47697258,169,1.69
2087,1,9,0,1,1,12,5.587248802,144,1.44
2088,1,8,0,0,0,19,5.872117996,361,3.61
2089,1,8,0,0,0,19,6.086774826,361,3.61
2090,1,11,0,1,0,13,6.163314819,169,1.69
2091,1,11,0,1,0,15,6.587550163,225,2.25
2092,1,16,0,1,0,6,6.580639362,36,0.36
2093,1,12,0,1,0,16,6.33327961,256,2.56
2095,1,12,0,1,0,8,6.396929741,64,0.64
2097,1,15,0,1,0,4,6.539586067,16,0.16
2098,1,15,0,1,0,7,6.047372341,49,0.49
2099,1,12,0,1,0,6,6.666956902,36,0.36
2100,1,12,0,1,0,13,7.091742039,169,1.69
2101,1,16,0,1,0,12,6.357842445,144,1.44
2102,1,18,0,0,0,3,6.453625202,9,0.09
2105,1,12,0,1,0,9,6.01615715,81,0.81
2113,1,16,0,1,0,2,5.91350317,4,0.04
2114,1,16,0,1,0,4,6.670766354,16,0.16
2115,1,17,0,1,0,1,6.109247684,1,0.01
2116,1,12,0,1,0,10,7.131698608,100,1
2117,1,16,0,1,0,8,6.694561958,64,0.64
2121,1,16,0,1,0,8,5.730099678,64,0.64
2123,1,12,0,0,0,12,6.705638885,144,1.44
2126,1,16,0,1,0,8,6.511745453,64,0.64
2127,1,12,0,0,0,11,6.261491776,121,1.21
2128,1,15,0,0,0,9,5.616771221,81,0.81
2131,1,17,0,0,0,5,6.047372341,25,0.25
2132,1,16,0,1,0,6,6.463029385,36,0.36
2133,1,12,0,0,0,10,6.109247684,100,1
2134,1,12,0,0,0,8,5.808142662,64,0.64
2135,1,12,0,0,0,14,6.816735744,196,1.96
2140,1,11,0,0,0,10,4.852030277,100,1
2143,1,16,0,0,0,5,5.981414318,25,0.25
2144,1,13,0,1,0,9,6.163314819,81,0.81
2146,1,13,0,0,0,12,6.109247684,144,1.44
2147,1,16,0,0,0,2,5.703782558,4,0.04
2148,1,18,0,1,0,5,6.135564804,25,0.25
2150,1,12,0,0,0,14,6.445719719,196,1.96
2151,1,12,0,0,0,15,6.184148788,225,2.25
2155,1,12,0,0,0,12,6.308098316,144,1.44
2156,1,12,0,0,0,7,5.918893814,49,0.49
2157,1,12,0,0,0,16,6.463029385,256,2.56
2159,1,12,0,1,0,11,6.251904011,121,1.21
2160,1,9,0,0,0,11,5.953243256,121,1.21
2161,1,16,0,1,1,7,6.109247684,49,0.49
2163,0,12,0,0,0,8,5.752572536,64,0.64
2165,0,14,0,0,0,9,6.59441328,81,0.81
2166,0,12,0,0,0,14,5.783825397,196,1.96
2167,0,16,0,1,0,6,6.423246861,36,0.36
2169,0,15,0,1,0,9,5.846438885,81,0.81
2170,0,13,0,1,0,9,6.154858112,81,0.81
2172,0,12,0,0,0,9,5.703782558,81,0.81
2174,1,13,0,1,0,5,6.063785076,25,0.25
2175,1,12,1,1,0,10,5.587248802,100,1
2176,1,12,0,1,0,10,5.438079357,100,1
2177,1,14,0,1,0,4,6.068425655,16,0.16
2178,1,12,0,1,0,8,6.274762154,64,0.64
2179,1,12,0,1,0,9,7.003065586,81,0.81
2180,1,12,1,1,0,10,6.376727104,100,1
2181,1,18,0,0,0,6,6.734591484,36,0.36
2183,1,15,0,1,0,3,6.463029385,9,0.09
2185,1,14,0,1,0,14,6.869014263,196,1.96
2186,1,13,0,1,0,14,6.825459957,196,1.96
2187,0,15,0,0,0,6,5.857933044,36,0.36
2188,0,16,0,0,0,2,5.953243256,4,0.04
2189,0,16,0,0,0,11,6.4264884,121,1.21
2190,0,13,0,1,0,12,6.152732849,144,1.44
2192,0,12,0,0,0,9,6.018593311,81,0.81
2195,0,12,0,0,0,7,5.991464615,49,0.49
2199,0,11,0,1,0,16,6.551080227,256,2.56
2202,0,15,0,1,0,6,5.739792824,36,0.36
2203,0,14,0,0,1,4,5.493061543,16,0.16
2208,0,12,1,1,1,14,5.513428688,196,1.96
2209,0,11,1,1,0,13,6.047372341,169,1.69
2211,0,11,1,1,0,16,6.396929741,256,2.56
2212,0,17,1,1,0,2,6.551080227,4,0.04
2213,0,12,0,1,0,6,5.703782558,36,0.36
2215,0,12,0,1,0,6,6.53813982,36,0.36
2216,0,12,0,1,0,12,6.396929741,144,1.44
2218,0,12,0,1,0,12,6.551080227,144,1.44
2219,0,14,0,0,0,5,5.616771221,25,0.25
2223,0,9,1,1,0,19,6.514712811,361,3.61
2224,0,17,0,1,0,5,6.107022762,25,0.25
2225,0,16,0,1,0,8,6.453625202,64,0.64
2226,0,14,0,0,0,9,7.130898952,81,0.81
2227,0,18,0,1,0,5,6.869014263,25,0.25
2228,0,18,0,0,0,1,6.194405556,1,0.01
2230,0,12,0,0,0,6,6.373319626,36,0.36
2231,0,14,0,0,0,13,6.620073318,169,1.69
2232,0,18,0,0,0,2,5.786897182,4,0.04
2233,0,18,0,1,0,5,6.063785076,25,0.25
2234,0,12,0,1,0,8,6.347389221,64,0.64
2235,0,16,0,0,0,6,6.816735744,36,0.36
2236,0,14,0,0,0,10,6.357842445,100,1
2237,0,11,0,0,0,15,6.070737839,225,2.25
2238,0,12,0,0,0,6,6.224558353,36,0.36
2239,1,18,0,0,0,10,6.580639362,100,1
2240,1,16,0,1,0,11,6.869014263,121,1.21
2241,1,12,0,1,0,13,6.411818504,169,1.69
2244,1,12,0,0,0,7,6.109247684,49,0.49
2245,0,12,0,0,0,15,6.43775177,225,2.25
2246,0,14,0,0,0,6,6.569481373,36,0.36
2247,0,12,0,0,0,6,6.565265179,36,0.36
2250,0,16,0,1,0,10,6.816735744,100,1
2251,0,8,0,0,0,10,6.035481453,100,1
2254,0,13,0,0,0,10,6.539586067,100,1
2255,0,12,0,1,0,16,5.56068182,256,2.56
2256,0,13,0,1,0,7,6.47697258,49,0.49
2257,0,14,0,1,0,5,6.413458824,25,0.25
2260,0,12,0,1,0,11,6.587550163,121,1.21
2261,0,13,0,1,0,13,6.642486572,169,1.69
2264,0,12,0,0,0,9,6.429719448,81,0.81
2266,0,16,0,1,0,5,6.580639362,25,0.25
2267,0,18,0,1,0,2,6.246106625,4,0.04
2269,0,12,0,0,0,7,5.991464615,49,0.49
2270,0,14,0,1,1,7,6.694561958,49,0.49
2271,0,12,0,0,0,6,6.13122654,36,0.36
2272,0,17,0,0,0,9,6.464588165,81,0.81
2273,0,12,0,0,0,10,6.251904011,100,1
2275,0,12,0,1,0,6,6.342121601,36,0.36
2276,0,16,0,0,0,2,6.54102993,4,0.04
2278,0,12,0,1,0,13,6.885509491,169,1.69
2279,0,12,0,0,0,14,6.65801096,196,1.96
2280,0,14,0,1,0,7,6.093569756,49,0.49
2283,0,16,0,1,0,11,6.539586067,121,1.21
2284,0,16,0,0,0,4,6.0330863,16,0.16
2286,0,11,0,1,0,13,6.650279045,169,1.69
2287,0,15,0,1,0,5,5.991464615,25,0.25
2292,0,12,0,1,0,9,6.802394867,81,0.81
2294,0,16,0,0,0,9,6.551080227,81,0.81
2296,0,16,0,0,0,2,6.184148788,4,0.04
2299,0,16,0,1,0,7,6.795705795,49,0.49
2300,0,18,0,1,0,5,6.620073318,25,0.25
2301,0,13,0,0,0,14,6.961296082,196,1.96
2302,0,12,0,0,0,10,6.838405132,100,1
2303,0,12,0,0,0,8,6.342121601,64,0.64
2304,0,16,0,1,0,3,6.89467001,9,0.09
2305,0,16,0,1,0,2,6.645091057,4,0.04
2306,0,12,0,0,0,9,6.473890781,81,0.81
2307,0,16,0,0,0,8,6.107022762,64,0.64
2309,0,12,0,0,0,9,6.363028049,81,0.81
2310,0,8,0,0,0,19,6.309918404,361,3.61
2314,0,12,0,1,0,11,6.684611797,121,1.21
2315,0,12,0,1,0,6,5.075173855,36,0.36
2317,0,17,0,1,0,5,6.135564804,25,0.25
2318,0,14,0,1,0,5,6.052089214,25,0.25
2319,0,8,0,1,0,18,6.396929741,324,3.24
2322,0,17,0,1,0,3,6.763885021,9,0.09
2323,0,12,0,1,0,10,6.52649498,100,1
2324,0,12,0,1,0,9,7.016609669,81,0.81
2325,0,12,0,1,0,8,7.003065586,64,0.64
2326,0,12,0,0,0,6,5.655992031,36,0.36
2327,0,14,0,1,0,8,6.24027586,64,0.64
2328,0,13,0,1,0,7,6.47697258,49,0.49
2329,0,12,0,1,0,13,6.946013927,169,1.69
2330,0,12,0,1,0,8,6.551080227,64,0.64
2333,1,18,0,1,0,7,5.752572536,49,0.49
2336,1,12,0,0,0,15,5.736572266,225,2.25
2338,1,11,0,0,0,10,5.814130306,100,1
2339,1,11,0,0,0,8,6.249975204,64,0.64
2340,1,16,0,1,0,6,6.563855648,36,0.36
2342,1,12,0,0,0,7,6.434546471,49,0.49
2343,1,13,0,0,0,9,5.697093487,81,0.81
2345,1,14,0,1,0,4,6.43775177,16,0.16
2347,1,16,0,1,0,7,6.645091057,49,0.49
2348,1,16,0,1,0,6,6.129050255,36,0.36
2350,1,12,0,0,0,13,6.309918404,169,1.69
2352,1,14,0,0,0,9,6.152732849,81,0.81
2353,1,12,0,0,0,15,5.981414318,225,2.25
2354,1,14,0,0,0,5,6.386879444,25,0.25
2356,1,16,0,0,0,6,6.946013927,36,0.36
2358,1,12,0,1,0,16,5.991464615,256,2.56
2360,1,12,0,0,0,8,6.548219204,64,0.64
2362,1,16,0,0,1,4,6.569481373,16,0.16
2363,1,12,0,0,0,6,6.309918404,36,0.36
2366,1,14,0,0,0,7,5.808142662,49,0.49
2368,1,12,0,1,0,11,6.964135647,121,1.21
2369,1,11,0,1,0,13,6.380122662,169,1.69
2370,1,12,0,1,0,6,6.450470448,36,0.36
2371,1,10,0,1,0,10,6.214608192,100,1
2372,1,14,0,1,0,8,6.669497967,64,0.64
2375,1,18,0,1,0,7,6.723832607,49,0.49
2377,1,12,0,1,0,8,6.289715767,64,0.64
2379,1,18,0,1,0,4,6.357842445,16,0.16
2381,1,14,0,1,0,10,6.694561958,100,1
2382,1,14,0,1,0,10,6.582025051,100,1
2383,1,12,0,1,1,8,6.396929741,64,0.64
2387,1,10,0,1,1,12,6.11368227,144,1.44
2388,1,7,0,1,1,14,5.703782558,196,1.96
2391,1,12,1,1,1,8,5.973809719,64,0.64
2393,1,12,1,1,1,8,5.298317432,64,0.64
2398,1,9,0,0,1,18,6.620073318,324,3.24
2399,1,16,0,0,1,4,6.511745453,16,0.16
2402,1,14,0,1,1,10,6.896694183,100,1
2404,1,17,0,1,1,4,6.779922009,16,0.16
2406,1,13,0,0,1,7,6.807934761,49,0.49
2408,1,14,1,1,1,14,5.52146101,196,1.96
2409,1,10,0,1,1,12,6.253829002,144,1.44
2410,1,12,0,1,1,9,5.874930859,81,0.81
2411,1,12,0,1,1,6,5.627621174,36,0.36
2412,1,12,1,1,1,7,5.991464615,49,0.49
2415,1,10,1,1,1,12,5.609471798,144,1.44
2417,1,11,0,1,1,14,6.214608192,196,1.96
2418,1,11,0,1,1,16,6.401916981,256,2.56
2419,1,12,0,1,1,7,5.991464615,49,0.49
2422,1,12,1,1,1,10,6.163314819,100,1
2424,1,12,0,1,1,15,7.003065586,225,2.25
2427,1,14,0,1,1,6,5.820083141,36,0.36
2429,1,11,0,1,1,10,6.287858486,100,1
2431,1,13,1,1,1,7,6.001414776,49,0.49
2432,1,16,0,1,1,5,6.62936306,25,0.25
2433,1,16,0,1,1,11,6.317164898,121,1.21
2435,1,16,0,1,1,7,6.357842445,49,0.49
2436,1,15,0,1,1,5,6.068425655,25,0.25
2438,1,11,0,1,1,12,6.309918404,144,1.44
2439,1,16,0,1,1,2,6.680854797,4,0.04
2440,1,14,0,1,1,7,6.109247684,49,0.49
2441,1,13,0,1,1,10,6.693323612,100,1
2442,1,13,0,1,1,5,6.396929741,25,0.25
2444,1,13,0,1,1,15,6.838405132,225,2.25
2445,1,11,0,0,1,16,6.175867081,256,2.56
2446,1,12,0,1,1,11,6.434546471,121,1.21
2450,1,10,1,1,1,11,5.793013573,121,1.21
2451,1,16,0,1,1,4,6.396929741,16,0.16
2457,1,14,1,1,1,7,6.54102993,49,0.49
2460,1,15,0,1,1,12,6.827629089,144,1.44
2461,1,12,0,1,1,10,6.580639362,100,1
2462,1,12,1,1,1,7,6.291569233,49,0.49
2463,1,13,1,1,1,8,6.129050255,64,0.64
2464,1,13,1,1,1,8,6.184148788,64,0.64
2466,1,12,1,1,1,7,5.857933044,49,0.49
2468,1,16,0,1,1,3,5.298317432,9,0.09
2470,1,10,1,1,1,14,6.253829002,196,1.96
2473,1,12,1,1,1,7,5.52146101,49,0.49
2475,1,11,1,1,0,11,6.222576141,121,1.21
2477,1,12,1,1,1,10,5.894402981,100,1
2478,1,11,1,1,1,16,6.483107567,256,2.56
2479,1,12,1,1,1,14,6.052089214,196,1.96
2480,1,12,1,1,1,13,5.501258373,169,1.69
2481,1,11,1,1,1,8,5.52146101,64,0.64
2483,1,13,0,1,0,13,6.778784752,169,1.69
2486,1,12,1,1,1,8,6.532334328,64,0.64
2487,1,11,1,1,1,15,5.996451855,225,2.25
2488,1,12,1,1,1,13,6.059123039,169,1.69
2489,1,13,0,1,1,5,5.783825397,25,0.25
2492,1,17,0,1,1,4,6.586171627,16,0.16
2493,1,12,0,1,1,7,6.659294128,49,0.49
2499,1,14,1,1,1,7,5.575949192,49,0.49
2500,1,12,1,1,1,14,6.109247684,196,1.96
2501,1,14,1,1,1,7,5.846438885,49,0.49
2502,1,13,1,1,1,5,5.857933044,25,0.25
2503,1,13,1,1,1,5,5.991464615,25,0.25
2504,1,12,0,1,1,14,6.887552738,196,1.96
2505,1,12,1,1,1,11,5.953243256,121,1.21
2507,1,17,1,1,0,5,5.840641499,25,0.25
2509,1,16,1,1,1,3,6.33327961,9,0.09
2510,1,7,0,1,1,16,6.137727261,256,2.56
2511,1,12,1,1,1,10,6.336825848,100,1
2512,1,12,1,1,1,9,6.458338261,81,0.81
2513,1,10,1,1,1,14,6.135564804,196,1.96
2514,1,13,1,1,1,8,6.507277489,64,0.64
2515,1,13,1,1,1,5,6.001414776,25,0.25
2516,1,17,1,1,1,2,5.921578407,4,0.04
2517,1,12,1,1,1,6,5.438079357,36,0.36
2518,1,12,1,1,1,14,6.32435894,196,1.96
2519,1,8,1,1,1,15,5.703782558,225,2.25
2520,1,14,0,1,1,9,6.816735744,81,0.81
2522,1,18,0,1,1,3,6.32435894,9,0.09
2523,1,13,0,1,1,14,6.270988464,196,1.96
2524,1,15,0,1,1,5,5.79909277,25,0.25
2526,1,9,0,1,1,11,5.926926136,121,1.21
2527,1,13,0,1,1,5,6.421622276,25,0.25
2528,1,14,0,0,1,7,6.580639362,49,0.49
2529,1,16,0,1,0,3,6.270988464,9,0.09
2531,1,12,1,1,1,16,6.755768776,256,2.56
2532,1,14,1,1,1,7,6.475432873,49,0.49
2533,1,10,1,1,1,8,5.472270489,64,0.64
2534,1,12,1,1,1,16,5.616771221,256,2.56
2536,1,14,1,1,1,6,5.783825397,36,0.36
2537,1,14,1,1,0,9,5.877735615,81,0.81
2538,1,12,1,1,1,12,5.953243256,144,1.44
2540,1,14,0,1,1,4,5.899897575,16,0.16
2542,1,8,0,1,1,19,6.684611797,361,3.61
2543,1,12,0,1,1,16,6.177944183,256,2.56
2544,1,17,0,1,1,6,6.861711502,36,0.36
2545,1,17,0,1,1,3,6.135564804,9,0.09
2546,1,16,0,0,1,6,6.0330863,36,0.36
2548,1,10,0,1,1,9,5.669880867,81,0.81
2549,1,12,0,1,1,6,5.480638981,36,0.36
2552,1,12,1,1,1,13,6.720220089,169,1.69
2558,1,12,0,1,1,14,5.888877869,196,1.96
2561,1,16,0,0,1,6,6.393590927,36,0.36
2562,1,13,0,1,1,6,6.620073318,36,0.36
2563,1,16,1,1,1,3,5.953243256,9,0.09
2564,1,16,1,1,1,6,6.429719448,36,0.36
2570,1,13,0,1,1,15,6.463029385,225,2.25
2575,1,16,1,1,1,4,6.148468494,16,0.16
2576,1,13,1,1,1,5,5.953243256,25,0.25
2578,1,12,1,1,1,7,6.135564804,49,0.49
2579,1,12,0,1,1,9,6.453625202,81,0.81
2580,1,12,0,0,0,8,5.991464615,64,0.64
2581,1,13,0,1,1,8,6.633318424,64,0.64
2583,1,13,0,1,1,8,6.327936649,64,0.64
2584,1,12,0,1,1,16,6.907755375,256,2.56
2587,1,11,0,1,1,11,6.052089214,121,1.21
2589,1,12,1,1,1,12,6.018593311,144,1.44
2591,1,11,0,1,1,8,5.187386036,64,0.64
2593,1,18,0,1,1,8,5.926926136,64,0.64
2594,1,18,0,1,1,4,7.168580055,16,0.16
2595,1,15,1,1,0,9,6.165417671,81,0.81
2596,1,16,0,1,1,5,6.652863026,25,0.25
2597,1,12,0,1,1,9,6.570882797,81,0.81
2600,1,10,1,1,1,12,6.061457157,144,1.44
2602,1,13,1,1,1,5,6.075345993,25,0.25
2603,1,13,0,1,1,7,6.774223804,49,0.49
2604,1,14,1,1,1,13,6.049733639,169,1.69
2605,1,12,1,1,1,7,5.926926136,49,0.49
2606,1,12,1,1,1,7,6.192362309,49,0.49
2607,1,15,1,1,1,3,6.135564804,9,0.09
2608,1,12,1,1,1,16,5.828945637,256,2.56
2610,1,12,0,1,1,12,6.364750862,144,1.44
2611,1,12,0,1,1,9,6.244166851,81,0.81
2612,1,12,0,1,1,7,6.959398746,49,0.49
2613,1,12,1,1,1,12,6.163314819,144,1.44
2618,1,18,0,1,1,8,7.314552784,64,0.64
2619,1,15,0,1,0,12,6.869014263,144,1.44
2620,1,15,1,1,1,9,5.438079357,81,0.81
2621,1,18,1,1,1,5,6.620073318,25,0.25
2622,1,15,1,1,1,5,5.416100502,25,0.25
2626,1,13,1,1,1,7,5.802118301,49,0.49
2627,1,11,1,1,1,9,5.98393631,81,0.81
2628,1,10,0,1,1,18,6.620073318,324,3.24
2629,1,12,0,1,1,7,6.109247684,49,0.49
2633,1,13,1,1,1,6,6.762729645,36,0.36
2634,1,8,0,1,1,10,6.282266617,100,1
2636,1,16,0,1,0,5,6.740519524,25,0.25
2637,1,16,0,1,0,4,6.632001877,16,0.16
2638,1,16,0,1,1,2,6.396929741,4,0.04
2640,1,12,0,1,1,16,6.937314034,256,2.56
2642,1,14,0,1,1,12,6.775366306,144,1.44
2645,1,12,0,1,1,14,6.342121601,196,1.96
2646,1,16,0,1,1,3,6.278521538,9,0.09
2649,1,12,0,1,1,7,6.175867081,49,0.49
2652,1,12,1,1,1,10,6.40357399,100,1
2657,1,12,0,1,1,9,6.48768425,81,0.81
2659,1,12,0,1,1,13,6.43775177,169,1.69
2661,1,12,1,1,1,11,5.634789467,121,1.21
2665,1,10,0,1,1,12,6.214608192,144,1.44
2666,1,12,0,1,1,8,6.282266617,64,0.64
2667,1,10,0,1,1,10,6.70686245,100,1
2668,1,10,0,1,1,18,6.436150551,324,3.24
2669,1,10,0,1,1,12,6.40357399,144,1.44
2670,1,12,0,1,0,13,6.224558353,169,1.69
2671,1,12,0,1,0,12,6.620073318,144,1.44
2672,1,12,0,1,0,14,6.580639362,196,1.96
2673,1,18,0,1,0,8,6.513230324,64,0.64
2674,1,16,0,1,1,11,6.816735744,121,1.21
2675,1,17,1,1,1,7,6.778784752,49,0.49
2677,1,12,1,1,1,8,6.056784153,64,0.64
2678,1,8,1,1,1,10,6.674561501,100,1
2679,1,14,1,1,1,9,5.789960384,81,0.81
2682,1,10,1,1,1,14,5.746203423,196,1.96
2683,1,16,1,1,0,12,6.666956902,144,1.44
2686,1,18,0,1,0,7,5.820083141,49,0.49
2687,1,10,1,1,1,14,5.953243256,196,1.96
2689,1,16,1,1,1,5,6.270988464,25,0.25
2690,1,10,1,0,1,17,6.061457157,289,2.89
2691,1,12,0,0,0,9,6.891625881,81,0.81
2692,1,12,0,1,1,16,6.705638885,256,2.56
2695,1,14,1,1,1,12,6.613384247,144,1.44
2697,1,10,1,1,1,8,5.843544483,64,0.64
2702,1,14,1,1,1,14,6.317164898,196,1.96
2707,1,13,1,1,1,5,5.572154045,25,0.25
2708,1,18,1,1,1,8,6.613384247,64,0.64
2710,1,17,1,1,1,6,6.511745453,36,0.36
2712,1,17,1,1,1,9,6.580639362,81,0.81
2713,1,13,1,1,1,11,6.082219124,121,1.21
2721,0,12,1,1,1,8,6.300786018,64,0.64
2722,0,14,1,1,1,5,5.52146101,25,0.25
2723,0,14,1,1,1,7,6.436150551,49,0.49
2728,0,13,0,1,1,10,5.991464615,100,1
2729,0,16,0,1,1,7,6.357842445,49,0.49
2730,0,16,1,1,1,3,6.700731277,9,0.09
2731,0,12,1,1,1,16,6.43775177,256,2.56
2732,0,14,1,1,1,6,6.184148788,36,0.36
2733,0,16,0,1,1,6,6.734591484,36,0.36
2734,0,16,0,1,1,5,6.762729645,25,0.25
2735,0,16,0,1,1,4,5.783825397,16,0.16
2736,0,14,1,1,1,6,6.167516708,36,0.36
2737,0,16,1,1,1,3,5.52146101,9,0.09
2739,0,12,0,1,1,6,6.214608192,36,0.36
2740,0,13,0,1,1,6,6.244166851,36,0.36
2741,0,18,0,1,1,4,5.54517746,16,0.16
2742,0,13,0,1,1,5,6.576469421,25,0.25
2743,0,18,0,1,0,6,6.679599285,36,0.36
2744,0,12,0,1,1,7,6.620073318,49,0.49
2745,0,12,1,1,1,6,6.037870884,36,0.36
2747,0,12,1,1,1,8,6.066108227,64,0.64
2748,0,12,1,1,0,7,6.052089214,49,0.49
2749,0,12,1,1,1,13,5.393627644,169,1.69
2750,0,13,1,1,1,10,6.529418945,100,1
2751,0,15,0,1,1,13,6.214608192,169,1.69
2754,0,16,0,1,1,4,6.311734676,16,0.16
2755,0,11,0,1,1,8,6.551080227,64,0.64
2757,1,12,0,1,1,14,6.561030865,196,1.96
2761,1,17,0,1,1,5,6.259581566,25,0.25
2762,1,12,0,1,1,6,6.070737839,36,0.36
2763,1,14,0,1,1,5,6.135564804,25,0.25
2764,1,12,0,1,1,6,5.98393631,36,0.36
2765,1,15,0,1,1,5,5.991464615,25,0.25
2768,1,18,0,1,0,4,6.770789623,16,0.16
2769,1,12,0,1,1,8,5.934894085,64,0.64
2770,1,12,0,1,1,9,5.897153854,81,0.81
2772,1,15,0,1,1,10,6.869014263,100,1
2776,1,15,0,1,1,9,6.685861111,81,0.81
2780,1,5,0,1,1,21,5.991464615,441,4.41
2783,1,13,1,1,1,10,6.291569233,100,1
2785,1,10,0,1,1,14,6.109247684,196,1.96
2787,1,15,1,1,1,6,6.082219124,36,0.36
2790,1,12,1,1,1,8,5.886104107,64,0.64
2791,1,12,0,1,1,9,6.270988464,81,0.81
2792,1,12,1,1,1,8,6.580639362,64,0.64
2793,1,2,0,1,1,23,5.843544483,529,5.29
2794,1,11,0,1,0,10,6.95844841,100,1
2796,1,16,0,1,1,6,6.587550163,36,0.36
2798,1,12,1,1,0,15,6.297109127,225,2.25
2799,1,16,0,1,0,11,7.091742039,121,1.21
2803,1,16,0,1,1,2,5.991464615,4,0.04
2805,1,9,1,1,1,17,5.926926136,289,2.89
2806,1,11,1,1,1,13,5.638354778,169,1.69
2809,1,12,1,1,1,6,4.84418726,36,0.36
2810,1,12,1,1,0,14,7.239214897,196,1.96
2813,1,12,0,0,1,12,6.475432873,144,1.44
2815,1,16,0,1,1,9,6.040254593,81,0.81
2816,1,16,0,1,1,5,6.120297432,25,0.25
2818,1,12,1,1,1,7,6.49375391,49,0.49
2819,1,12,0,0,1,6,5.940171242,36,0.36
2820,1,10,1,1,1,18,5.752572536,324,3.24
2821,1,14,0,1,1,4,6.11368227,16,0.16
2822,1,12,0,1,1,10,6.43775177,100,1
2823,1,14,0,1,1,4,6.398594856,16,0.16
2825,1,13,0,1,1,8,6.212605953,64,0.64
2827,0,8,0,1,1,17,6.54102993,289,2.89
2828,1,18,0,0,1,8,6.282266617,64,0.64
2831,1,7,0,1,0,13,6.142037392,169,1.69
2832,1,12,0,0,1,6,5.991464615,36,0.36
2833,1,18,0,0,1,3,5.908082962,9,0.09
2835,1,8,0,0,1,11,6.551080227,121,1.21
2839,1,16,0,1,0,9,6.869014263,81,0.81
2840,1,6,0,0,1,12,5.899897575,144,1.44
2841,1,9,0,0,1,18,6.163314819,324,3.24
2843,1,12,0,0,1,6,5.298317432,36,0.36
2844,1,9,1,1,0,9,6.396929741,81,0.81
2846,1,12,1,1,0,9,6.224558353,81,0.81
2852,1,16,1,1,1,9,6.357842445,81,0.81
2853,1,12,1,0,1,6,6.12468338,36,0.36
2854,1,12,0,1,1,16,6.620073318,256,2.56
2855,1,11,0,0,1,15,6.357842445,225,2.25
2857,1,15,0,1,1,3,5.666426659,9,0.09
2859,1,12,1,1,1,7,5.411645889,49,0.49
2860,1,10,1,1,1,8,5.894402981,64,0.64
2861,1,10,1,1,1,10,5.433722019,100,1
2862,1,9,1,1,1,11,5.455321312,121,1.21
2863,1,14,1,1,1,4,6.142037392,16,0.16
2868,1,16,0,1,1,5,7.641564369,25,0.25
2869,1,15,1,1,1,10,6.056784153,100,1
2871,1,12,0,1,1,15,6.519147396,225,2.25
2872,1,13,0,0,1,8,5.746203423,64,0.64
2873,1,18,0,1,1,4,6.398594856,16,0.16
2874,1,10,0,1,1,17,6.214608192,289,2.89
2875,1,12,0,1,1,10,5.926926136,100,1
2877,1,12,1,1,1,16,6.309918404,256,2.56
2880,1,17,1,1,0,5,6.55393362,25,0.25
2882,1,16,1,1,1,11,6.43775177,121,1.21
2883,1,14,1,1,1,14,6.047372341,196,1.96
2884,1,11,1,1,1,11,5.872117996,121,1.21
2885,1,12,0,1,1,8,6.251904011,64,0.64
2886,1,14,0,1,1,4,5.883322239,16,0.16
2888,1,11,1,1,1,10,5.855072021,100,1
2889,1,12,1,1,1,13,5.680172443,169,1.69
2890,1,18,1,1,1,4,6.093569756,16,0.16
2891,1,6,1,1,1,22,5.59842205,484,4.84
2892,1,14,0,1,1,8,5.953243256,64,0.64
2895,1,12,0,1,1,9,6.082219124,81,0.81
2897,1,11,0,1,1,13,6.0330863,169,1.69
2901,1,11,0,1,1,14,6.175867081,196,1.96
2903,1,16,0,1,1,8,6.390240669,64,0.64
2905,1,12,1,1,1,10,6.396929741,100,1
2908,1,14,1,1,1,7,5.52146101,49,0.49
2909,1,12,1,1,1,13,6.274762154,169,1.69
2910,1,12,1,1,1,8,6.38181591,64,0.64
2911,1,12,1,1,0,15,6.220590115,225,2.25
2912,1,11,1,1,0,8,6.163314819,64,0.64
2913,1,16,0,1,1,9,7.22548151,81,0.81
2916,1,17,0,1,0,1,5.783825397,1,0.01
2917,1,14,0,1,1,5,6.357842445,25,0.25
2918,1,12,0,1,0,7,6.55393362,49,0.49
2921,1,16,0,1,1,3,6.095824718,9,0.09
2922,1,13,1,1,1,8,6.327936649,64,0.64
2925,1,13,0,1,1,13,6.869014263,169,1.69
2926,1,12,0,1,1,8,5.736572266,64,0.64
2927,1,17,0,1,1,10,7.14598465,100,1
2928,1,16,0,1,0,6,6.214608192,36,0.36
2929,1,16,0,1,0,8,6.368186951,64,0.64
2930,1,17,0,1,0,2,4.718498707,4,0.04
2931,1,14,0,1,0,13,6.511745453,169,1.69
2932,1,17,0,1,1,6,7.561641693,36,0.36
2936,1,14,1,1,1,4,5.991464615,16,0.16
2937,1,12,1,1,1,7,6.13122654,49,0.49
2939,1,12,1,1,1,12,5.501258373,144,1.44
2943,1,16,1,1,1,5,5.752572536,25,0.25
2945,1,14,0,1,1,6,6.463029385,36,0.36
2946,1,12,0,1,1,7,6.620073318,49,0.49
2948,1,17,0,1,0,2,5.730099678,4,0.04
2950,1,17,0,1,0,6,5.857933044,36,0.36
2951,1,18,0,1,0,3,6.135564804,9,0.09
2953,1,15,0,1,0,13,7.050989628,169,1.69
2954,1,16,0,1,1,12,7.466227531,144,1.44
2956,1,17,0,1,0,10,6.645091057,100,1
2957,1,15,0,1,0,8,6.593044758,64,0.64
2961,1,18,0,0,1,6,6.601230145,36,0.36
2962,1,16,0,0,1,3,6.214608192,9,0.09
2963,1,16,0,0,1,2,5.899897575,4,0.04
2965,1,13,0,1,1,5,5.808142662,25,0.25
2966,1,12,0,0,1,15,6.580639362,225,2.25
2967,1,12,0,0,1,9,5.926926136,81,0.81
2968,1,12,0,0,1,8,5.52146101,64,0.64
2971,1,17,0,0,1,7,5.888877869,49,0.49
2972,0,7,0,0,1,19,5.645446777,361,3.61
2975,0,12,0,0,1,16,6.028278351,256,2.56
2978,0,16,0,0,1,5,6.257667542,25,0.25
2979,0,12,0,0,1,15,6.559615135,225,2.25
2981,0,16,0,0,1,4,6.013715267,16,0.16
2982,0,12,0,0,1,6,6.030685425,36,0.36
2984,0,12,0,1,0,12,6.666956902,144,1.44
2986,0,16,0,0,1,5,6.357842445,25,0.25
2987,0,16,0,0,1,2,6.1696105,4,0.04
2988,0,17,0,1,1,4,6.43775177,16,0.16
2989,0,17,0,0,1,1,6.224558353,1,0.01
2990,0,12,0,0,1,14,5.659482002,196,1.96
2991,0,12,0,1,1,6,6.214608192,36,0.36
2992,0,8,0,1,1,13,6.214608192,169,1.69
2993,0,12,0,0,1,9,5.857933044,81,0.81
2996,0,13,0,0,1,5,6.135564804,25,0.25
2998,0,13,1,0,1,11,6.306275368,121,1.21
2999,0,12,1,0,1,10,5.54126358,100,1
3001,0,13,1,1,1,5,6.261491776,25,0.25
3002,0,12,1,0,1,15,5.676753998,225,2.25
3004,0,14,0,1,1,8,5.926926136,64,0.64
3008,0,18,0,1,1,8,6.270988464,64,0.64
3012,0,16,0,0,1,3,6.812345028,9,0.09
3013,0,9,0,1,1,13,5.866467953,169,1.69
3018,0,14,0,1,1,8,7.051855564,64,0.64
3021,0,8,0,1,1,20,5.52146101,400,4
3022,0,13,0,1,1,9,6.660574913,81,0.81
3023,0,13,0,1,1,12,6.030685425,144,1.44
3029,1,13,1,0,1,10,5.897153854,100,1
3030,1,13,1,1,1,8,5.926926136,64,0.64
3032,1,15,1,0,1,3,5.926926136,9,0.09
3033,1,16,1,0,1,6,5.880533218,36,0.36
3034,1,7,1,0,1,18,5.703782558,324,3.24
3036,1,14,0,0,1,5,6.269096375,25,0.25
3037,1,12,0,0,1,16,5.700443745,256,2.56
3038,1,8,1,0,1,18,6.109247684,324,3.24
3039,1,14,1,0,1,5,6.291569233,25,0.25
3040,1,8,0,0,1,15,6.269096375,225,2.25
3042,1,12,0,0,1,12,6.645091057,144,1.44
3043,1,12,1,1,0,8,5.288267136,64,0.64
3047,1,12,1,1,0,6,5.991464615,36,0.36
3048,1,12,1,1,0,10,6.624065399,100,1
3049,1,12,1,1,0,6,6.098074436,36,0.36
3050,1,9,1,0,1,15,5.480638981,225,2.25
3052,1,3,1,0,1,16,5.117993832,256,2.56
3059,1,12,0,1,1,6,6.098074436,36,0.36
3060,1,10,1,0,1,10,5.52146101,100,1
3061,1,12,0,0,1,8,6.163314819,64,0.64
3062,1,16,0,0,1,6,5.991464615,36,0.36
3063,1,18,0,0,1,0,5.986452103,0,0
3064,1,12,1,1,0,7,5.857933044,49,0.49
3065,1,12,1,0,1,15,6.259581566,225,2.25
3066,1,10,1,0,1,15,5.59842205,225,2.25
3067,1,9,1,0,1,15,5.736572266,225,2.25
3071,1,6,1,0,1,19,5.703782558,361,3.61
3072,1,12,1,0,1,10,5.783825397,100,1
3074,1,12,0,1,1,6,6.802394867,36,0.36
3077,0,13,0,1,1,7,6.620073318,49,0.49
3079,0,8,1,1,1,12,5.652489185,144,1.44
3081,0,12,0,1,1,6,5.627621174,36,0.36
3082,0,13,1,1,1,10,6.214608192,100,1
3084,0,8,0,1,1,16,6.551080227,256,2.56
3085,0,9,0,1,1,11,5.703782558,121,1.21
3086,0,8,0,1,1,20,5.971261978,400,4
3088,0,12,0,1,1,16,6.23636961,256,2.56
3089,0,16,0,1,1,9,6.436150551,81,0.81
3090,0,12,1,1,1,9,5.497168064,81,0.81
3091,0,12,0,1,1,9,5.894402981,81,0.81
3097,0,16,0,1,1,5,6.406879902,25,0.25
3098,0,12,0,1,1,7,6.633318424,49,0.49
3104,0,14,0,1,1,11,5.953243256,121,1.21
3109,0,12,1,1,1,14,6.204557896,196,1.96
3110,0,16,0,1,1,5,6.719013214,25,0.25
3111,0,12,0,1,1,7,6.001414776,49,0.49
3112,0,15,0,0,1,6,5.587248802,36,0.36
3114,0,12,0,0,1,16,6.086774826,256,2.56
3116,0,14,0,0,1,8,5.926926136,64,0.64
3117,0,10,0,0,1,8,5.707110405,64,0.64
3118,0,12,0,0,1,16,6.489204884,256,2.56
3119,0,15,1,1,0,3,6.242223263,9,0.09
3120,0,12,1,0,1,8,5.703782558,64,0.64
3122,0,12,1,0,1,8,5.438079357,64,0.64
3126,0,10,1,0,1,15,5.56068182,225,2.25
3127,0,12,1,0,1,6,5.720311642,36,0.36
3128,0,8,1,0,1,17,6.063785076,289,2.89
3129,0,8,1,0,1,10,5.56068182,100,1
3130,0,16,0,1,1,2,6.357842445,4,0.04
3132,0,11,1,0,1,12,6.052089214,144,1.44
3133,0,12,1,0,1,7,5.752572536,49,0.49
3134,0,13,0,0,1,10,5.926926136,100,1
3135,0,9,1,0,1,18,6.214608192,324,3.24
3136,0,12,0,1,1,7,6.214608192,49,0.49
3137,0,12,1,1,1,14,5.857933044,196,1.96
3138,0,10,1,1,1,13,6.26339817,169,1.69
3139,0,17,0,0,1,3,6.214608192,9,0.09
3140,0,16,0,1,1,3,5.953243256,9,0.09
3142,1,9,1,1,1,10,4.60517025,100,1
3143,1,15,1,1,1,5,5.703782558,25,0.25
3144,1,12,1,1,1,6,5.236442089,36,0.36
3145,1,8,1,1,1,19,5.872117996,361,3.61
3147,1,12,1,1,1,7,5.587248802,49,0.49
3149,1,12,1,1,1,10,5.587248802,100,1
3150,1,12,0,1,1,16,6.373319626,256,2.56
3151,1,12,1,0,1,6,5.926926136,36,0.36
3154,1,12,1,0,1,13,5.846438885,169,1.69
3157,1,16,0,1,1,6,6.300786018,36,0.36
3158,1,14,0,1,1,5,6.331501961,25,0.25
3159,1,12,0,1,0,8,6.357842445,64,0.64
3163,1,15,0,1,0,5,6.791221619,25,0.25
3166,1,13,0,0,1,7,6.43775177,49,0.49
3168,1,13,0,0,1,7,6.030685425,49,0.49
3169,1,6,0,0,1,19,6.52649498,361,3.61
3171,0,11,1,1,1,13,6.43775177,169,1.69
3172,0,9,1,1,1,12,5.736572266,144,1.44
3173,0,12,1,1,1,10,6.498281956,100,1
3177,0,11,0,1,1,15,5.655992031,225,2.25
3179,0,12,1,1,1,8,6.396929741,64,0.64
3182,0,16,1,1,0,7,6.609349251,49,0.49
3185,0,11,1,1,1,10,5.416100502,100,1
3186,0,12,0,1,1,16,6.434546471,256,2.56
3187,0,12,0,1,1,6,6.401916981,36,0.36
3188,0,12,0,1,1,11,6.309918404,121,1.21
3192,0,16,0,0,1,5,6.685861111,25,0.25
3195,1,14,0,1,1,10,5.79909277,100,1
3196,1,16,0,1,1,12,6.527957916,144,1.44
3197,1,15,0,1,0,8,6.907755375,64,0.64
3198,1,16,0,1,1,8,6.994850159,64,0.64
3199,1,13,1,1,1,5,6.165417671,25,0.25
3200,1,12,1,1,1,6,6.214608192,36,0.36
3201,1,14,1,1,1,5,6.856462002,25,0.25
3202,1,18,1,1,1,6,7.040536404,36,0.36
3203,1,12,1,1,1,14,6.109247684,196,1.96
3204,1,12,0,1,1,7,6.104793072,49,0.49
3206,1,16,0,1,1,5,5.888877869,25,0.25
3207,1,13,0,1,1,5,6.282266617,25,0.25
3210,1,17,0,1,1,2,6.423246861,4,0.04
3211,1,14,0,1,1,4,6.194405556,16,0.16
3212,1,12,0,1,1,8,6.028278351,64,0.64
3216,0,13,1,1,1,5,5.52146101,25,0.25
3220,0,13,0,0,1,9,6.214608192,81,0.81
3221,0,18,0,1,1,4,7.051855564,16,0.16
3222,0,12,0,0,1,14,6.26339817,196,1.96
3224,0,11,0,1,1,7,5.703782558,49,0.49
3225,0,9,0,0,1,11,5.730099678,121,1.21
3226,0,8,0,0,1,15,6.43775177,225,2.25
3227,0,13,0,1,1,5,5.857933044,25,0.25
3228,0,16,0,0,1,8,6.511745453,64,0.64
3229,0,13,0,0,1,9,6.32435894,81,0.81
3232,0,12,1,0,1,10,5.860786438,100,1
3233,0,12,1,1,0,10,6.583409309,100,1
3234,0,15,1,0,1,6,6.343880653,36,0.36
3235,0,11,1,1,1,8,5.480638981,64,0.64
3236,0,8,0,0,1,18,6.109247684,324,3.24
3237,0,11,1,0,1,16,5.823045731,256,2.56
3238,0,10,1,0,1,13,5.662960529,169,1.69
3242,1,17,0,0,1,1,6.023447514,1,0.01
3244,1,12,0,0,1,11,6.742880821,121,1.21
3245,1,16,0,0,1,10,6.773080349,100,1
3247,1,11,1,0,1,12,5.686975479,144,1.44
3248,1,8,1,0,1,12,5.703782558,144,1.44
3252,1,16,1,1,1,4,5.666426659,16,0.16
3256,1,9,1,0,1,14,5.697093487,196,1.96
3257,1,5,1,0,1,21,5.888877869,441,4.41
3261,1,12,1,1,0,12,7.000334263,144,1.44
3262,1,16,1,1,0,11,6.142037392,121,1.21
3263,1,14,1,0,1,7,5.579730034,49,0.49
3265,1,16,0,1,1,8,6.732210636,64,0.64
3266,1,16,0,0,1,9,6.357842445,81,0.81
3267,1,10,1,0,1,11,5.416100502,121,1.21
3268,1,12,1,0,1,7,5.459585667,49,0.49
3269,1,12,1,1,1,8,5.52146101,64,0.64
3272,1,12,0,0,1,10,5.278114796,100,1
3274,1,12,1,0,1,14,6.163314819,196,1.96
3277,1,11,0,0,1,9,6.214608192,81,0.81
3278,1,8,1,0,1,15,5.811141014,225,2.25
3279,1,10,1,0,1,11,6.118097305,121,1.21
3280,1,16,0,1,1,3,6.851184845,9,0.09
3281,1,13,0,0,1,5,5.673323154,25,0.25
3282,1,16,0,0,1,5,6.253829002,25,0.25
3283,1,15,0,0,1,7,6.161207199,49,0.49
3284,1,8,0,0,1,18,5.690359592,324,3.24
3286,1,12,0,1,1,15,6.040254593,225,2.25
3287,1,12,0,0,1,8,6.251904011,64,0.64
3289,1,12,0,0,1,14,5.755742073,196,1.96
3290,1,12,0,0,1,10,5.926926136,100,1
3291,1,13,1,0,1,6,6.309918404,36,0.36
3292,1,8,0,0,1,19,6.850126266,361,3.61
3293,1,16,0,1,1,5,6.163314819,25,0.25
3294,1,16,0,1,1,5,5.973809719,25,0.25
3298,1,11,0,1,1,7,6.620073318,49,0.49
3302,1,13,0,1,1,9,6.198478699,81,0.81
3305,1,12,1,1,1,10,6.214608192,100,1
3310,1,11,1,1,1,7,5.590987206,49,0.49
3311,1,12,1,1,1,15,6.163314819,225,2.25
3313,1,12,1,1,1,13,5.899897575,169,1.69
3314,1,11,1,1,1,9,5.638354778,81,0.81
3315,1,14,1,1,1,4,5.52146101,16,0.16
3316,1,12,1,1,1,15,5.572154045,225,2.25
3318,1,18,0,1,0,5,6.919683933,25,0.25
3319,1,17,0,1,1,5,6.72503376,25,0.25
3320,1,16,0,1,0,2,5.746203423,4,0.04
3322,1,14,0,1,1,12,6.869014263,144,1.44
3323,1,9,1,1,1,14,5.846438885,196,1.96
3326,1,11,1,1,1,8,5.703782558,64,0.64
3327,1,11,1,1,1,15,5.926926136,225,2.25
3328,1,14,0,1,1,4,6.214608192,16,0.16
3329,1,12,0,1,1,7,5.846438885,49,0.49
3330,1,9,1,1,1,19,5.765191078,361,3.61
3333,1,11,1,1,1,9,5.991464615,81,0.81
3338,1,13,1,1,1,8,6.306275368,64,0.64
3340,1,7,1,1,1,12,5.438079357,144,1.44
3341,1,12,0,0,1,8,6.035481453,64,0.64
3342,1,13,0,1,1,10,6.26720047,100,1
3345,1,10,0,1,1,17,6.762729645,289,2.89
3346,1,13,0,1,1,15,6.251904011,225,2.25
3348,1,11,0,1,1,12,5.814130306,144,1.44
3349,1,13,0,1,1,14,6.762729645,196,1.96
3351,1,8,0,0,1,13,6.253829002,169,1.69
3352,1,17,0,1,1,4,6.751101494,16,0.16
3353,1,12,0,0,1,6,5.755742073,36,0.36
3355,1,18,0,1,1,9,6.722630024,81,0.81
3356,1,16,0,1,1,9,6.774223804,81,0.81
3357,1,14,0,1,1,13,7.22548151,169,1.69
3358,1,16,0,1,1,12,6.111467361,144,1.44
3360,1,18,0,0,1,10,6.527957916,100,1
3361,1,13,0,1,1,9,6.075345993,81,0.81
3362,1,13,0,1,1,13,6.816735744,169,1.69
3363,1,13,0,0,1,14,6.751101494,196,1.96
3364,1,10,0,1,1,18,6.396929741,324,3.24
3365,1,12,1,1,1,10,5.54517746,100,1
3366,1,12,1,1,1,11,5.926926136,121,1.21
3367,1,16,1,1,1,5,6.089045048,25,0.25
3368,1,13,1,1,1,6,6.003887177,36,0.36
3369,1,12,1,1,1,14,6.01615715,196,1.96
3370,1,15,0,1,1,6,5.703782558,36,0.36
3371,1,16,0,1,1,4,6.54102993,16,0.16
3373,1,18,0,1,0,6,6.919683933,36,0.36
3375,0,15,1,1,1,5,6.11368227,25,0.25
3379,0,12,0,1,1,10,5.961005211,100,1
3381,0,18,0,0,1,3,6.198478699,9,0.09
3384,0,5,0,0,1,20,5.746203423,400,4
3388,1,14,0,1,1,6,6.357842445,36,0.36
3389,1,12,0,1,1,6,5.926926136,36,0.36
3395,1,12,0,1,0,15,6.484635353,225,2.25
3396,1,16,0,1,1,4,6.563855648,16,0.16
3398,1,14,1,1,1,6,6.23636961,36,0.36
3400,1,12,0,1,1,16,6.43775177,256,2.56
3402,1,14,0,1,1,5,6.13122654,25,0.25
3403,1,14,0,1,1,13,6.43775177,169,1.69
3407,1,12,1,1,1,10,6.354370117,100,1
3410,1,12,1,1,1,7,6.214608192,49,0.49
3411,1,13,1,1,0,8,6.025866032,64,0.64
3412,1,13,1,1,0,7,6.154858112,49,0.49
3413,1,12,1,1,1,11,6.253829002,121,1.21
3414,1,13,1,1,0,8,6.620073318,64,0.64
3415,1,12,1,1,1,7,6.194405556,49,0.49
3423,1,18,1,1,0,7,6.052089214,49,0.49
3424,1,12,1,1,1,14,6.282266617,196,1.96
3426,0,13,0,1,1,7,6.613384247,49,0.49
3427,0,12,0,1,1,6,5.991464615,36,0.36
3428,0,12,0,1,1,10,5.768321037,100,1
3429,0,17,0,1,1,6,6.406879902,36,0.36
3433,0,11,0,1,1,7,6.33327961,49,0.49
3435,0,12,1,1,1,9,5.783825397,81,0.81
3437,0,13,0,1,1,10,6.710523129,100,1
3438,0,12,0,1,1,14,6.697034359,196,1.96
3439,0,12,0,1,1,8,5.924255848,64,0.64
3440,0,12,0,1,1,14,5.703782558,196,1.96
3441,1,12,0,1,1,11,6.428105354,121,1.21
3442,1,18,0,0,1,8,6.463029385,64,0.64
3443,1,12,0,1,1,13,6.371612072,169,1.69
3444,1,12,0,1,1,12,6.375024796,144,1.44
3449,1,12,1,1,1,6,6.278521538,36,0.36
3451,1,12,1,1,1,12,5.783825397,144,1.44
3453,1,13,1,1,1,7,6.484635353,49,0.49
3455,1,13,1,1,1,6,6.424869061,36,0.36
3456,1,12,1,1,1,6,6.400257587,36,0.36
3458,1,16,1,1,1,4,6.309918404,16,0.16
3459,1,16,1,1,1,3,6.53087759,9,0.09
3461,1,10,1,1,1,14,6.43775177,196,1.96
3462,1,11,1,1,1,14,6.086774826,196,1.96
3463,1,6,1,1,1,21,5.030437946,441,4.41
3464,1,10,1,1,1,11,6.388561249,121,1.21
3465,1,11,1,1,1,10,6.135564804,100,1
3466,1,11,1,1,1,9,5.703782558,81,0.81
3467,1,10,1,1,1,15,6.214608192,225,2.25
3468,1,10,1,1,1,13,6.001414776,169,1.69
3470,1,10,1,1,1,16,5.616771221,256,2.56
3471,1,8,1,0,1,18,5.991464615,324,3.24
3472,1,18,0,0,1,4,6.396929741,16,0.16
3474,1,13,0,0,1,8,6.357842445,64,0.64
3475,1,12,0,0,1,9,5.926926136,81,0.81
3476,1,12,0,0,1,8,5.717027664,64,0.64
3477,1,12,1,0,1,10,5.641907215,100,1
3479,1,14,1,0,1,8,5.616771221,64,0.64
3480,1,12,0,0,1,7,6.453625202,49,0.49
3482,1,18,1,1,0,1,6.566672325,1,0.01
3483,1,13,1,1,0,9,6.86589098,81,0.81
3484,1,16,1,0,1,7,6.463029385,49,0.49
3485,1,13,0,0,1,5,6.095824718,25,0.25
3486,1,9,1,1,1,19,5.459585667,361,3.61
3488,1,15,1,1,1,4,6.163314819,16,0.16
3489,1,12,1,0,1,8,5.529428959,64,0.64
3490,1,14,0,1,1,7,6.453625202,49,0.49
3491,1,13,1,0,1,7,5.966146946,49,0.49
3492,1,9,1,0,1,18,6.023447514,324,3.24
3494,1,11,1,1,0,12,5.991464615,144,1.44
3495,1,8,1,0,1,11,5.662960529,121,1.21
3496,1,12,1,1,1,7,5.886104107,49,0.49
3498,1,12,0,0,1,14,6.511745453,196,1.96
3499,0,10,1,1,1,18,5.973809719,324,3.24
3500,0,16,1,1,1,4,6.357842445,16,0.16
3501,0,11,1,1,1,9,5.236442089,81,0.81
3502,0,5,1,1,1,16,5.652489185,256,2.56
3503,0,9,1,1,1,19,5.926926136,361,3.61
3504,0,17,0,1,1,7,6.646390438,49,0.49
3509,0,17,0,1,0,3,6.32435894,9,0.09
3510,0,18,0,1,0,4,7.474771976,16,0.16
3511,0,12,0,1,1,16,6.543911934,256,2.56
3512,0,10,0,0,0,8,6.192362309,64,0.64
3513,0,12,0,1,1,6,6.232448101,36,0.36
3514,0,12,0,0,1,15,6.70686245,225,2.25
3515,0,7,0,0,1,17,5.616771221,289,2.89
3520,0,12,0,0,1,12,6.396929741,144,1.44
3521,1,13,0,1,1,6,6.357842445,36,0.36
3522,1,14,0,1,1,4,5.438079357,16,0.16
3523,1,11,0,1,0,9,6.228510857,81,0.81
3526,1,12,0,1,1,8,6.406879902,64,0.64
3527,1,12,0,1,1,6,6.700731277,36,0.36
3528,1,10,0,1,1,9,5.652489185,81,0.81
3530,1,16,0,1,1,9,6.973543167,81,0.81
3533,1,14,0,1,1,12,7.39939785,144,1.44
3534,1,16,0,0,1,8,6.756932259,64,0.64
3535,1,14,0,1,1,6,6.628041267,36,0.36
3536,1,15,0,1,1,4,6.620073318,16,0.16
3537,1,12,0,1,1,14,6.082219124,196,1.96
3538,1,12,0,1,1,15,7.008505344,225,2.25
3539,1,17,1,1,1,7,5.673323154,49,0.49
3540,1,12,1,1,0,8,5.805134773,64,0.64
3544,1,13,0,0,1,7,6.0330863,49,0.49
3545,1,13,0,1,1,11,6.43775177,121,1.21
3549,1,12,0,0,1,9,6.135564804,81,0.81
3550,1,8,0,0,1,20,5.52146101,400,4
3551,1,18,0,0,0,6,6.253829002,36,0.36
3556,1,14,0,1,1,8,5.010635376,64,0.64
3557,1,14,0,1,0,5,5.991464615,25,0.25
3558,1,18,0,0,0,5,5.953243256,25,0.25
3561,1,15,0,1,0,13,6.357842445,169,1.69
3564,1,18,0,1,0,10,6.287858486,100,1
3565,1,17,0,1,0,5,6.685861111,25,0.25
3566,1,17,0,1,0,1,6.214608192,1,0.01
3568,1,13,0,1,0,10,6.795705795,100,1
3569,1,14,0,1,0,7,6.43775177,49,0.49
3570,1,14,0,0,0,8,5.777652264,64,0.64
3571,1,12,0,1,0,14,6.357842445,196,1.96
3572,1,12,0,1,0,7,6.056784153,49,0.49
3574,1,10,0,1,0,15,5.484797001,225,2.25
3576,1,17,0,1,0,5,6.630683422,25,0.25
3578,1,16,0,1,0,10,7.590346813,100,1
3580,1,12,0,1,0,14,6.543911934,196,1.96
3581,1,16,0,1,0,4,6.196444035,16,0.16
3582,1,16,0,1,0,2,6.336825848,4,0.04
3586,1,10,0,1,0,14,5.828945637,196,1.96
3587,1,13,0,1,0,8,5.697093487,64,0.64
3588,1,13,0,1,0,6,5.730099678,36,0.36
3589,1,13,0,1,0,5,7.000334263,25,0.25
3590,1,11,0,1,0,7,6.023447514,49,0.49
3593,1,12,0,1,0,15,6.406879902,225,2.25
3595,1,12,0,1,0,7,6.214608192,49,0.49
3596,1,15,0,1,0,4,6.378426075,16,0.16
3597,1,13,0,1,0,9,6.43775177,81,0.81
3599,1,10,0,1,0,9,5.966146946,81,0.81
3603,1,14,0,1,0,11,6.093569756,121,1.21
3605,1,13,0,1,0,7,6.561030865,49,0.49
3607,1,16,0,1,0,5,6.65672636,25,0.25
3609,1,12,1,1,0,10,6.234410763,100,1
3614,1,17,0,1,0,2,6.091310024,4,0.04
3615,1,13,0,1,0,7,5.991464615,49,0.49
3620,1,18,0,1,0,4,7.150701523,16,0.16
3621,1,12,1,1,0,8,6.003887177,64,0.64
3623,1,12,1,1,0,10,6.511745453,100,1
3624,1,10,1,1,0,11,5.634789467,121,1.21
3625,1,10,1,1,0,8,5.857933044,64,0.64
3627,1,18,0,1,0,6,7.602401257,36,0.36
3628,1,16,0,1,0,4,6.645091057,16,0.16
3632,1,16,0,1,0,7,6.763885021,49,0.49
3633,1,15,0,1,0,11,6.779922009,121,1.21
3634,1,12,0,1,0,8,6.309918404,64,0.64
3636,1,14,0,1,0,8,6.413458824,64,0.64
3637,1,13,0,1,0,6,6.357842445,36,0.36
3638,1,12,1,1,0,7,4.99721241,49,0.49
3646,1,16,0,1,0,7,6.714170456,49,0.49
3647,1,14,0,1,0,6,6.551080227,36,0.36
3649,1,18,0,1,0,3,6.620073318,9,0.09
3650,1,17,0,0,0,11,6.551080227,121,1.21
3651,1,18,0,1,0,8,6.539586067,64,0.64
3656,1,11,1,1,0,10,5.730099678,100,1
3658,1,17,0,0,0,8,6.762729645,64,0.64
3665,1,14,1,1,0,4,6.54102993,16,0.16
3666,1,11,1,1,0,7,6.684611797,49,0.49
3667,1,14,1,1,0,12,6.511745453,144,1.44
3669,1,14,0,1,1,5,6.244166851,25,0.25
3670,1,16,0,1,0,9,6.568078041,81,0.81
3671,1,13,0,1,0,6,6.739336491,36,0.36
3672,1,14,0,1,0,5,6.785587788,25,0.25
3673,1,14,0,1,0,7,6.54102993,49,0.49
3674,1,12,0,1,0,16,6.746412277,256,2.56
3675,1,12,0,1,0,11,6.603943825,121,1.21
3676,1,14,0,1,0,5,6.175867081,25,0.25
3678,1,16,0,1,0,8,6.678342342,64,0.64
3679,1,13,0,0,0,13,6.361302376,169,1.69
3682,1,12,0,1,0,16,6.767343044,256,2.56
3684,1,16,0,1,0,5,6.357842445,25,0.25
3685,1,17,0,1,0,10,7.233455181,100,1
3686,1,14,0,1,0,11,7.379631996,121,1.21
3690,1,12,1,1,0,12,6.514712811,144,1.44
3694,1,18,0,1,0,8,6.135564804,64,0.64
3697,1,12,0,1,0,11,6.49677515,121,1.21
3702,1,12,0,1,0,6,6.739336491,36,0.36
3707,1,12,0,0,0,15,6.48768425,225,2.25
3708,1,15,0,1,0,6,7.090076923,36,0.36
3709,1,13,0,1,0,14,6.646390438,196,1.96
3711,1,12,1,1,0,9,5.52146101,81,0.81
3713,1,12,0,1,0,6,5.837730408,36,0.36
3715,1,12,0,1,0,16,7.656810284,256,2.56
3716,1,18,0,1,0,3,6.936342716,9,0.09
3717,1,12,0,1,0,7,6.569481373,49,0.49
3719,1,10,0,1,0,12,6.388561249,144,1.44
3722,1,15,0,1,1,11,6.72503376,121,1.21
3723,1,15,0,1,0,7,5.991464615,49,0.49
3726,1,14,1,1,0,11,6.580639362,121,1.21
3727,1,12,1,1,0,13,5.117993832,169,1.69
3728,1,14,0,1,0,7,6.146329403,49,0.49
3729,1,18,0,1,0,3,6.466144562,9,0.09
3730,1,13,0,1,0,15,6.396929741,225,2.25
3731,1,12,0,1,0,6,5.991464615,36,0.36
3732,1,13,0,1,0,5,6.907755375,25,0.25
3733,1,14,0,1,0,8,6.501289845,64,0.64
3739,1,16,0,1,0,2,6.315358162,4,0.04
3744,1,14,0,1,0,8,6.665683746,64,0.64
3746,1,15,0,1,0,7,6.502789974,49,0.49
3747,1,10,0,1,0,9,5.703782558,81,0.81
3750,1,16,0,1,0,8,6.546785355,64,0.64
3752,1,14,0,0,0,13,6.082219124,169,1.69
3754,1,13,0,1,0,6,6.529418945,36,0.36
3756,1,14,0,1,0,6,6.025866032,36,0.36
3757,1,12,0,1,0,7,6.621405602,49,0.49
3758,1,13,0,1,0,7,5.442417622,49,0.49
3762,1,16,0,1,0,7,6.224558353,49,0.49
3763,1,16,0,0,0,8,6.396929741,64,0.64
3764,1,18,0,1,0,9,7.177018642,81,0.81
3765,1,18,0,1,0,8,6.964135647,64,0.64
3766,1,15,0,1,0,11,6.440946579,121,1.21
3767,1,16,0,1,0,11,6.956545353,121,1.21
3770,1,18,0,0,0,8,6.890609264,64,0.64
3773,1,18,0,1,0,10,7.156176567,100,1
3774,1,12,0,1,0,8,6.70686245,64,0.64
3775,1,17,0,1,0,1,6.214608192,1,0.01
3777,1,12,0,1,0,14,6.579251289,196,1.96
3778,1,12,0,1,0,11,6.287858486,121,1.21
3779,1,17,0,0,0,11,6.84375,121,1.21
3782,1,11,0,1,0,8,5.703782558,64,0.64
3783,1,11,0,0,0,15,6.660574913,225,2.25
3784,1,8,0,0,0,20,6.47697258,400,4
3785,1,18,0,1,0,5,6.903747082,25,0.25
3786,1,17,0,1,0,5,6.366470337,25,0.25
3787,1,16,0,1,0,4,5.442417622,16,0.16
3788,1,16,0,0,0,3,6.289715767,9,0.09
3792,1,15,1,1,0,13,6.442540169,169,1.69
3793,1,12,1,1,0,10,6.513230324,100,1
3794,1,16,0,1,0,5,5.442417622,25,0.25
3795,1,18,0,1,0,5,6.573680401,25,0.25
3798,1,13,0,1,0,5,5.655992031,25,0.25
3799,1,15,0,1,0,5,6.214608192,25,0.25
3800,1,16,0,1,0,5,5.743003368,25,0.25
3804,1,11,0,1,0,8,5.298317432,64,0.64
3809,1,16,0,1,0,11,7.008505344,121,1.21
3810,1,12,0,1,0,11,6.368186951,121,1.21
3812,1,16,0,1,0,8,6.001414776,64,0.64
3813,1,13,0,1,0,6,6.4264884,36,0.36
3815,1,16,0,1,0,5,5.624017715,25,0.25
3816,1,17,0,1,1,2,6.869014263,4,0.04
3817,1,15,0,1,0,9,6.539586067,81,0.81
3818,1,12,0,1,0,10,6.33327961,100,1
3821,1,8,0,1,0,19,7.197435379,361,3.61
3822,1,14,0,1,0,11,6.511745453,121,1.21
3823,1,16,0,0,0,10,6.752270222,100,1
3824,1,16,0,1,0,10,5.56068182,100,1
3825,1,15,0,1,0,7,6.354370117,49,0.49
3828,1,13,0,1,0,5,6.439350605,25,0.25
3830,1,12,0,1,0,14,7.274479389,196,1.96
3831,1,14,0,0,0,8,5.817111015,64,0.64
3832,1,12,0,1,0,9,6.357842445,81,0.81
3836,1,13,0,1,0,5,6.173786163,25,0.25
3837,1,15,0,1,0,7,5.52146101,49,0.49
3840,1,11,0,1,0,7,6.171700478,49,0.49
3842,1,15,0,1,0,13,6.945051193,169,1.69
3843,1,18,0,1,0,9,6.993933201,81,0.81
3845,1,18,0,1,0,2,6.135564804,4,0.04
3846,1,12,0,0,0,14,6.43775177,196,1.96
3847,1,16,0,1,0,3,6.705638885,9,0.09
3849,1,14,0,1,0,8,5.888877869,64,0.64
3852,1,12,0,1,0,9,5.768321037,81,0.81
3855,1,16,0,1,0,10,5.849324703,100,1
3856,0,12,0,1,0,12,6.758094311,144,1.44
3858,0,10,0,1,0,10,5.641907215,100,1
3859,0,12,0,1,0,6,6.549650669,36,0.36
3860,0,12,0,1,0,6,6.421622276,36,0.36
3863,0,11,0,0,0,8,6.070737839,64,0.64
3865,1,16,0,1,0,3,6.280395985,9,0.09
3867,1,16,0,1,0,4,6.43775177,16,0.16
3869,1,18,0,1,0,2,6.357842445,4,0.04
3870,1,12,0,1,0,6,6.736967087,36,0.36
3874,1,16,0,1,0,4,6.001414776,16,0.16
3879,1,15,0,1,0,11,6.315358162,121,1.21
3880,1,18,0,1,0,7,6.921658039,49,0.49
3883,1,16,0,1,0,7,5.783825397,49,0.49
3885,1,15,0,1,0,9,6.647688389,81,0.81
3887,1,14,0,1,0,4,6.551080227,16,0.16
3889,1,17,0,1,0,1,6.306275368,1,0.01
3890,1,16,0,1,0,4,6.43775177,16,0.16
3891,1,16,0,1,0,6,6.81454277,36,0.36
3895,1,12,0,1,0,15,6.613384247,225,2.25
3896,1,12,0,0,0,6,6.513230324,36,0.36
3897,0,16,0,0,0,6,6.705638885,36,0.36
3899,1,15,0,1,0,4,6.646390438,16,0.16
3900,1,15,0,1,0,6,6.588926315,36,0.36
3902,1,12,0,1,0,6,6.501289845,36,0.36
3903,1,14,0,1,0,7,6.533788681,49,0.49
3906,1,14,0,1,0,6,6.327936649,36,0.36
3908,1,16,0,1,0,6,6.214608192,36,0.36
3912,1,14,0,1,0,8,6.507277489,64,0.64
3915,1,12,0,1,0,16,6.869014263,256,2.56
3918,1,16,0,1,0,6,6.587550163,36,0.36
3927,1,16,0,1,0,11,6.869014263,121,1.21
3928,1,17,0,1,0,10,6.421622276,100,1
3929,1,13,0,1,0,13,7.050989628,169,1.69
3931,1,13,0,1,0,10,6.514712811,100,1
3933,1,12,0,1,0,8,6.045005322,64,0.64
3934,1,12,0,1,0,7,6.968850613,49,0.49
3939,1,18,0,1,0,9,7.069023609,81,0.81
3940,1,15,0,1,0,6,6.747586727,36,0.36
3941,1,12,0,1,0,6,6.413458824,36,0.36
3943,1,18,0,1,0,9,6.047372341,81,0.81
3945,1,12,0,1,0,11,7.090076923,121,1.21
3946,1,14,0,1,0,14,6.936342716,196,1.96
3952,1,14,0,1,0,8,6.309918404,64,0.64
3953,1,15,0,1,0,10,6.685861111,100,1
3954,1,12,0,1,0,13,6.297109127,169,1.69
3955,1,9,0,1,0,16,5.857933044,256,2.56
3957,1,14,0,1,0,12,6.620073318,144,1.44
3958,1,14,0,1,0,14,6.109247684,196,1.96
3961,1,14,0,1,0,4,6.396929741,16,0.16
3963,1,12,0,1,0,15,6.751101494,225,2.25
3967,1,14,0,1,0,6,6.590301037,36,0.36
3968,1,12,0,1,0,16,6.54102993,256,2.56
3969,1,10,0,1,0,11,6.93244791,121,1.21
3973,1,14,0,1,0,8,7.050989628,64,0.64
3974,1,16,0,1,0,10,6.890609264,100,1
3975,1,15,0,1,0,13,6.588926315,169,1.69
3978,1,14,0,1,0,14,6.282266617,196,1.96
3979,1,12,0,1,0,7,6.276643276,49,0.49
3982,1,13,0,1,0,7,5.666426659,49,0.49
3983,1,17,0,1,0,3,5.746203423,9,0.09
3984,1,13,0,1,0,5,6.001414776,25,0.25
3986,1,18,0,1,0,6,7.003065586,36,0.36
3987,1,12,0,1,0,9,6.492239952,81,0.81
3988,1,12,0,1,0,14,6.070737839,196,1.96
3989,1,17,0,1,1,4,5.991464615,16,0.16
3993,1,15,0,1,0,5,5.572154045,25,0.25
3994,1,13,0,1,0,15,5.991464615,225,2.25
3997,1,16,0,0,0,12,6.357842445,144,1.44
3998,1,12,0,1,0,6,6.070737839,36,0.36
4000,1,17,0,1,0,2,6.152732849,4,0.04
4001,1,17,0,1,0,2,5.54126358,4,0.04
4002,1,12,0,0,0,8,6.43775177,64,0.64
4005,1,13,0,1,0,15,6.507277489,225,2.25
4007,1,12,0,1,0,12,6.955592632,144,1.44
4012,1,17,0,1,0,11,7.520776272,121,1.21
4013,1,15,0,1,0,12,6.645091057,144,1.44
4015,1,11,1,1,0,17,6.533788681,289,2.89
4018,1,15,0,1,0,3,6.47697258,9,0.09
4019,1,16,0,0,0,4,6.171700478,16,0.16
4027,0,16,0,0,0,2,5.831882477,4,0.04
4029,0,14,0,1,0,12,6.809039116,144,1.44
4031,0,12,0,0,0,15,5.860786438,225,2.25
4033,0,12,0,1,0,11,6.652863026,121,1.21
4034,0,12,0,1,0,8,6.551080227,64,0.64
4036,0,16,0,0,0,4,6.383506775,16,0.16
4037,0,12,0,0,0,6,6.606650352,36,0.36
4039,0,12,0,0,0,9,6.278521538,81,0.81
4040,0,16,0,1,0,3,6.0330863,9,0.09
4041,0,18,0,1,0,10,7.239932537,100,1
4043,0,12,0,0,0,16,6.306275368,256,2.56
4044,1,11,0,0,0,7,6.48768425,49,0.49
4046,1,12,0,0,0,7,6.349139214,49,0.49
4047,1,13,0,0,0,10,6.436150551,100,1
4048,1,16,0,1,0,9,6.091310024,81,0.81
4050,1,15,0,0,0,6,6.357842445,36,0.36
4051,1,13,0,0,0,8,6.291569233,64,0.64
4052,1,15,0,0,0,9,6.734591484,81,0.81
4061,0,14,0,1,0,9,6.584791183,81,0.81
4063,0,13,0,1,0,7,6.322565079,49,0.49
4064,0,13,0,0,0,5,5.811141014,25,0.25
4066,0,15,0,1,1,3,6.234410763,9,0.09
4067,0,12,0,1,0,13,6.357842445,169,1.69
4074,0,12,0,1,0,11,6.23636961,121,1.21
4078,1,15,0,1,0,4,5.739792824,16,0.16
4079,1,12,0,1,0,16,6.357842445,256,2.56
4081,1,12,0,1,0,16,6.507277489,256,2.56
4082,1,12,0,1,0,9,6.447305679,81,0.81
4083,1,16,0,1,0,3,6.501289845,9,0.09
4087,1,14,0,1,0,7,5.991464615,49,0.49
4089,1,11,0,0,0,7,5.393627644,49,0.49
4091,1,13,0,1,0,11,6.357842445,121,1.21
4093,1,13,0,1,0,10,6.047372341,100,1
4094,1,16,0,1,0,5,6.472346306,25,0.25
4095,1,15,0,1,0,7,5.843544483,49,0.49
4096,1,16,0,1,1,3,6.733401775,9,0.09
4097,1,15,0,1,0,4,6.43775177,16,0.16
4100,1,9,0,1,0,15,6.907755375,225,2.25
4101,1,16,0,1,0,9,6.823286057,81,0.81
4105,1,12,0,1,0,13,6.593044758,169,1.69
4107,1,12,0,1,1,6,6.104793072,36,0.36
4109,1,14,0,1,0,9,6.180016518,81,0.81
4111,1,12,0,1,0,7,6.018593311,49,0.49
4112,1,14,0,1,0,10,6.785587788,100,1
4116,0,14,0,1,0,7,5.857933044,49,0.49
4120,0,17,0,0,0,4,6.214608192,16,0.16
4123,0,15,0,1,0,12,6.597145557,144,1.44
4124,0,13,0,1,0,11,6.129050255,121,1.21
4125,0,16,0,1,0,6,6.580639362,36,0.36
4126,0,15,0,1,1,11,6.549650669,121,1.21
4127,0,14,0,1,0,10,6.665683746,100,1
4128,0,16,0,1,0,7,6.82979393,49,0.49
4129,0,14,0,1,0,6,6.107022762,36,0.36
4130,0,15,0,0,0,3,5.783825397,9,0.09
4131,0,13,0,0,0,13,6.52649498,169,1.69
4132,0,16,0,1,0,10,6.257667542,100,1
4133,0,18,0,1,0,4,6.152732849,16,0.16
4134,0,12,0,0,0,16,6.293419361,256,2.56
4135,0,14,0,0,0,9,6.747586727,81,0.81
4136,0,12,0,0,0,12,5.991464615,144,1.44
4137,0,18,0,0,0,3,6.304448605,9,0.09
4138,0,16,0,0,0,10,6.357842445,100,1
4139,0,11,0,0,0,7,5.703782558,49,0.49
4141,0,16,0,0,0,10,6.973543167,100,1
4142,0,12,0,0,0,14,6.580639362,196,1.96
4146,0,17,0,1,0,8,6.511745453,64,0.64
4148,0,17,0,1,1,4,6.605298042,16,0.16
4149,0,12,0,1,0,8,7.298445225,64,0.64
4156,0,17,0,0,0,4,6.774223804,16,0.16
4157,0,12,0,0,0,15,6.802394867,225,2.25
4162,0,13,0,0,0,12,6.685861111,144,1.44
4163,0,13,0,0,0,7,6.309918404,49,0.49
4164,0,10,0,0,0,18,6.354370117,324,3.24
4165,0,12,0,0,0,9,6.291569233,81,0.81
4167,0,16,0,1,0,10,6.672032833,100,1
4168,0,14,0,0,0,8,6.54102993,64,0.64
4169,0,16,0,0,0,4,5.52146101,16,0.16
4170,0,17,0,1,0,1,6.0330863,1,0.01
4171,0,9,0,0,0,17,6.453625202,289,2.89
4177,0,12,0,1,0,14,6.023447514,196,1.96
4183,0,12,0,0,0,7,5.703782558,49,0.49
4187,0,17,0,1,0,3,6.340359211,9,0.09
4189,0,16,0,0,0,10,6.463029385,100,1
4191,0,13,0,0,0,10,5.874930859,100,1
4193,0,12,0,0,0,15,5.991464615,225,2.25
4195,0,12,0,0,0,13,6.023447514,169,1.69
4198,0,14,0,0,0,13,6.274762154,169,1.69
4199,0,16,0,0,0,7,6.453625202,49,0.49
4200,0,14,0,0,0,7,4.969813347,49,0.49
4201,0,14,0,0,0,11,6.309918404,121,1.21
4205,0,12,0,0,0,14,6.186208725,196,1.96
4207,0,17,0,1,0,8,6.393590927,64,0.64
4212,0,14,0,1,1,6,6.135564804,36,0.36
4213,0,16,0,0,0,4,6.699500561,16,0.16
4214,0,12,0,0,0,7,6.43775177,49,0.49
4215,0,12,0,0,0,13,6.949856281,169,1.69
4216,0,16,0,1,0,5,6.684611797,25,0.25
4217,0,16,0,1,0,5,6.699500561,25,0.25
4218,0,17,0,1,0,3,6.070737839,9,0.09
4221,0,17,0,1,0,5,6.621405602,25,0.25
4224,0,14,0,1,0,6,5.683579922,36,0.36
4228,1,12,0,1,0,7,6.056784153,49,0.49
4229,1,12,0,1,0,15,6.551080227,225,2.25
4232,1,16,0,1,0,3,5.648974419,9,0.09
4233,1,14,0,0,0,7,6.295266151,49,0.49
4238,1,12,0,1,0,7,6.173786163,49,0.49
4239,1,16,0,1,0,4,5.934894085,16,0.16
4240,1,16,0,1,0,8,6.230481625,64,0.64
4241,1,12,0,1,0,7,6.214608192,49,0.49
4243,1,12,0,1,0,15,6.583409309,225,2.25
4244,1,12,0,0,0,7,5.393627644,49,0.49
4246,1,15,0,0,0,3,6.163314819,9,0.09
4248,1,13,0,1,0,7,7.091742039,49,0.49
4249,1,13,0,0,0,5,5.991464615,25,0.25
4250,1,16,0,1,0,7,6.398594856,49,0.49
4254,1,12,0,0,0,11,6.175867081,121,1.21
4255,1,16,0,0,0,11,6.551080227,121,1.21
4256,1,12,0,1,1,9,6.645091057,81,0.81
4257,1,14,0,1,1,5,6.270988464,25,0.25
4260,1,16,0,1,1,8,6.109247684,64,0.64
4262,1,10,0,1,1,18,6.33327961,324,3.24
4263,1,13,0,1,1,13,6.475432873,169,1.69
4265,1,8,0,1,1,18,6.152732849,324,3.24
4268,1,16,0,1,1,2,5.616771221,4,0.04
4269,1,16,0,1,1,11,6.577861309,121,1.21
4270,1,12,0,1,1,15,6.986566544,225,2.25
4274,1,16,0,1,1,12,6.511745453,144,1.44
4275,0,18,0,0,1,0,5.857933044,0,0
4276,0,14,1,1,1,8,6.645091057,64,0.64
4278,0,12,1,0,1,8,6.47697258,64,0.64
4279,0,9,0,0,1,15,6.621405602,225,2.25
4280,0,10,0,0,1,11,5.874930859,121,1.21
4281,0,9,0,0,1,9,5.52146101,81,0.81
4282,0,12,0,0,1,10,5.993961334,100,1
4283,0,11,0,0,1,8,6.052089214,64,0.64
4284,0,9,0,0,1,10,5.659482002,100,1
4285,0,13,1,0,1,7,5.733341217,49,0.49
4286,0,14,1,1,0,4,6.359573841,16,0.16
4288,0,16,1,0,1,8,6.082219124,64,0.64
4289,0,12,0,0,1,13,6.109247684,169,1.69
4290,0,17,0,1,1,5,5.153291702,25,0.25
4294,0,16,1,1,0,5,6.270988464,25,0.25
4295,0,12,1,0,1,12,6.177944183,144,1.44
4296,0,12,1,1,0,9,6.72503376,81,0.81
4297,0,12,1,0,1,16,5.56068182,256,2.56
4298,0,12,1,0,1,7,5.631211758,49,0.49
4301,0,13,1,0,1,6,5.857933044,36,0.36
4302,0,11,0,0,1,7,4.976733685,49,0.49
4304,0,10,1,0,1,11,5.438079357,121,1.21
4305,0,15,1,1,0,3,6.109247684,9,0.09
4307,0,16,0,1,1,3,5.953243256,9,0.09
4308,0,17,0,1,1,11,6.705638885,121,1.21
4309,0,16,0,0,1,8,6.869014263,64,0.64
4310,0,13,0,0,1,9,6.011267185,81,0.81
4311,0,16,0,1,1,3,6.265301228,9,0.09
4312,0,13,0,1,0,5,6.359573841,25,0.25
4313,0,14,0,0,1,8,6.429719448,64,0.64
4317,1,12,0,1,1,7,5.438079357,49,0.49
4318,1,11,1,1,1,13,6.363028049,169,1.69
4319,1,18,0,1,1,8,7.051855564,64,0.64
4320,1,12,1,1,1,10,5.940171242,100,1
4322,1,16,1,1,1,5,6.423246861,25,0.25
4324,1,12,1,1,1,10,6.109247684,100,1
4325,1,12,1,1,1,7,6.052089214,49,0.49
4326,1,12,1,1,1,10,6.214608192,100,1
4328,1,12,0,1,1,7,6.569481373,49,0.49
4329,1,12,0,1,1,7,6.620073318,49,0.49
4330,1,15,0,1,1,3,5.777652264,9,0.09
4333,1,13,0,1,1,9,6.945051193,81,0.81
4334,1,16,0,1,1,3,6.196444035,9,0.09
4335,1,13,0,1,1,10,6.26339817,100,1
4337,1,11,1,1,1,12,5.961005211,144,1.44
4338,1,10,1,1,1,10,6.13122654,100,1
4342,1,15,1,1,1,3,5.991464615,9,0.09
4343,1,15,1,1,1,6,6.6025877,36,0.36
4345,1,14,1,1,1,6,6.395261765,36,0.36
4351,0,18,1,0,1,9,7.030857563,81,0.81
4355,1,14,1,1,1,5,6.398594856,25,0.25
4356,1,10,1,1,1,10,5.697093487,100,1
4357,1,12,1,1,1,9,5.459585667,81,0.81
4358,1,13,1,1,1,6,5.393627644,36,0.36
4359,1,8,1,1,1,12,6.546785355,144,1.44
4360,1,9,1,1,1,9,6.295266151,81,0.81
4361,1,12,1,1,1,7,5.52146101,49,0.49
4364,1,16,0,1,1,4,5.991464615,16,0.16
4365,1,15,0,1,1,10,6.047372341,100,1
4368,1,12,0,1,1,7,5.669880867,49,0.49
4370,1,10,1,1,1,17,5.509388447,289,2.89
4372,1,13,1,1,1,7,5.940171242,49,0.49
4373,1,12,0,1,1,6,6.486160755,36,0.36
4374,1,12,0,1,1,14,6.566672325,196,1.96
4375,1,14,0,1,1,9,6.175867081,81,0.81
4376,1,16,0,1,1,3,6.463029385,9,0.09
4377,1,12,0,1,1,14,6.390240669,196,1.96
4378,1,7,0,1,1,18,6.359573841,324,3.24
4380,0,16,0,1,1,8,6.519147396,64,0.64
4383,0,16,0,1,1,10,7.338238239,100,1
4384,0,12,0,1,1,15,6.756932259,225,2.25
4385,0,18,0,1,1,8,6.280395985,64,0.64
4386,0,12,0,1,1,9,5.730099678,81,0.81
4387,0,14,0,0,1,9,6.396929741,81,0.81
4388,0,8,0,0,1,17,6.43775177,289,2.89
4392,0,13,0,1,1,10,6.291569233,100,1
4396,0,13,0,0,1,8,5.840641499,64,0.64
4397,0,12,0,0,1,7,6.214608192,49,0.49
4398,0,11,1,1,0,9,5.768321037,81,0.81
4400,0,18,1,0,1,3,5.934894085,9,0.09
4401,0,15,1,0,1,4,5.236442089,16,0.16
4404,0,9,1,0,1,18,5.123963833,324,3.24
4405,0,2,1,0,1,17,5.52146101,289,2.89
4406,0,3,1,0,1,15,5.247024059,225,2.25
4407,0,12,1,1,0,10,6.907755375,100,1
4408,0,12,1,0,1,6,6.335054398,36,0.36
4409,0,9,1,0,1,9,6.436150551,81,0.81
4410,0,12,1,1,1,6,6.570882797,36,0.36
4411,0,12,0,0,1,6,6.287858486,36,0.36
4413,0,13,1,0,1,7,5.872117996,49,0.49
4414,0,12,1,0,1,6,5.480638981,36,0.36
4417,0,12,0,0,1,6,6.035481453,36,0.36
4418,1,13,0,0,1,8,6.933423042,64,0.64
4419,1,17,0,0,1,9,5.686975479,81,0.81
4421,1,12,1,1,1,8,6.309918404,64,0.64
4422,1,12,1,1,1,9,6.287858486,81,0.81
4424,1,5,0,0,1,19,5.857933044,361,3.61
4425,1,12,0,0,1,9,6.566672325,81,0.81
4428,1,12,1,0,1,11,5.433722019,121,1.21
4429,1,12,1,0,1,9,5.393627644,81,0.81
4431,1,12,1,0,1,11,5.736572266,121,1.21
4433,1,12,1,1,0,6,5.768321037,36,0.36
4434,1,12,1,0,1,9,5.713732719,81,0.81
4437,1,13,0,0,1,7,6.109247684,49,0.49
4438,1,12,1,1,1,11,6.624065399,121,1.21
4440,1,12,0,0,1,8,6.082219124,64,0.64
4442,1,11,1,0,1,11,5.783825397,121,1.21
4444,1,16,0,0,1,10,6.740519524,100,1
4445,1,14,0,0,1,6,5.746203423,36,0.36
4446,1,13,0,1,1,15,6.171700478,225,2.25
4448,1,12,0,1,1,13,6.061457157,169,1.69
4449,1,14,0,1,1,9,6.194405556,81,0.81
4450,1,12,0,1,1,6,5.888877869,36,0.36
4451,1,14,0,1,1,13,5.991464615,169,1.69
4454,1,12,1,1,1,6,6.047372341,36,0.36
4458,1,12,1,0,1,9,5.739792824,81,0.81
4459,1,11,1,0,1,10,5.602118969,100,1
4461,1,18,1,1,1,2,5.953243256,4,0.04
4462,1,16,1,1,1,2,6.270988464,4,0.04
4464,1,11,0,0,1,14,6.551080227,196,1.96
4467,1,10,0,0,1,16,5.942799568,256,2.56
4470,1,12,0,0,1,10,6.142037392,100,1
4471,1,10,0,0,1,18,5.991464615,324,3.24
4473,1,10,0,0,1,17,6.120297432,289,2.89
4476,0,12,1,0,1,6,5.56068182,36,0.36
4477,0,13,1,1,0,9,6.558197975,81,0.81
4482,0,13,0,0,1,11,6.0330863,121,1.21
4486,0,11,1,0,1,10,5.52146101,100,1
4488,0,12,1,0,1,6,6.13122654,36,0.36
4489,0,8,1,0,1,12,5.783825397,144,1.44
4490,0,9,1,0,1,10,5.616771221,100,1
4491,0,12,1,0,1,8,5.783825397,64,0.64
4492,0,15,1,1,0,4,5.703782558,16,0.16
4493,0,8,1,0,1,17,5.52146101,289,2.89
4495,0,12,0,0,1,10,5.662960529,100,1
4497,0,13,1,1,1,9,6.309918404,81,0.81
4500,0,12,0,0,1,15,6.061457157,225,2.25
4501,0,8,1,1,1,16,5.926926136,256,2.56
4503,0,9,0,0,1,15,6.357842445,225,2.25
4504,0,13,0,0,1,6,6.274762154,36,0.36
4505,0,12,0,1,1,6,5.52146101,36,0.36
4506,0,12,0,0,1,9,6.086774826,81,0.81
4507,0,12,0,0,1,8,6.12468338,64,0.64
4508,0,12,0,0,1,9,6.082219124,81,0.81
4511,0,12,1,0,1,9,6.309918404,81,0.81
4512,0,16,0,1,1,3,6.47697258,9,0.09
4514,0,11,0,0,1,9,6.047372341,81,0.81
4516,0,13,0,1,1,8,6.040254593,64,0.64
4517,0,14,0,1,1,5,5.298317432,25,0.25
4518,0,8,0,0,1,12,5.991464615,144,1.44
4519,0,9,0,1,1,9,5.703782558,81,0.81
4520,0,12,0,1,1,12,6.570882797,144,1.44
4521,0,12,0,0,1,7,5.986452103,49,0.49
4522,0,9,0,0,1,14,5.986452103,196,1.96
4523,0,16,0,1,1,6,6.598508835,36,0.36
4525,0,12,0,0,1,7,6.533788681,49,0.49
4530,0,6,0,0,1,16,5.356586456,256,2.56
4531,0,12,0,0,1,13,6.120297432,169,1.69
4534,0,15,0,1,1,3,5.857933044,9,0.09
4535,0,16,0,0,1,6,6.357842445,36,0.36
4538,0,16,0,0,0,9,6.549650669,81,0.81
4539,0,16,0,0,1,5,5.926926136,25,0.25
4540,0,13,0,0,1,5,5.926926136,25,0.25
4541,0,12,0,0,1,15,5.897153854,225,2.25
4543,0,12,1,1,1,11,5.393627644,121,1.21
4548,0,16,1,1,1,9,6.431331158,81,0.81
4551,0,11,1,0,1,14,5.926926136,196,1.96
4552,0,16,1,0,1,4,5.831882477,16,0.16
4553,0,16,1,0,1,2,5.940171242,4,0.04
4554,0,11,0,1,1,15,5.56068182,225,2.25
4557,0,8,1,1,1,16,6.192362309,256,2.56
4558,0,11,1,1,1,9,6.070737839,81,0.81
4560,0,11,1,1,1,10,5.899897575,100,1
4562,0,14,1,1,1,13,5.54907608,169,1.69
4564,0,14,0,1,1,6,6.24027586,36,0.36
4565,0,15,0,1,1,10,5.662960529,100,1
4567,0,18,0,1,1,6,6.763885021,36,0.36
4568,0,12,0,1,1,7,6.070737839,49,0.49
4569,0,1,0,1,1,22,6.214608192,484,4.84
4572,0,16,0,1,1,2,6.306275368,4,0.04
4573,0,12,0,1,1,11,5.991464615,121,1.21
4574,0,9,0,1,1,15,6.070737839,225,2.25
4579,0,13,0,0,1,5,5.926926136,25,0.25
4580,0,12,0,1,1,14,6.304448605,196,1.96
4584,0,12,0,0,1,6,5.926926136,36,0.36
4586,0,14,0,0,1,5,6.214608192,25,0.25
4587,0,16,0,0,1,2,5.872117996,4,0.04
4589,0,12,0,1,0,11,6.396929741,121,1.21
4590,0,12,0,1,1,16,6.47697258,256,2.56
4591,0,12,0,1,1,14,6.742880821,196,1.96
4592,0,12,0,1,1,9,5.783825397,81,0.81
4593,1,12,1,0,1,15,5.666426659,225,2.25
4594,1,14,1,0,1,4,6.12468338,16,0.16
4596,1,14,1,1,1,9,6.566672325,81,0.81
4601,1,13,0,0,1,15,6.023447514,225,2.25
4603,1,16,1,1,1,3,6.475432873,9,0.09
4606,1,13,0,1,1,7,6.450470448,49,0.49
4607,1,16,0,0,1,6,6.580639362,36,0.36
4609,1,12,0,1,1,14,6.816735744,196,1.96
4610,1,13,0,0,1,7,5.926926136,49,0.49
4611,1,18,0,1,1,3,6.383506775,9,0.09
4616,0,16,0,0,1,10,6.638567924,100,1
4617,0,12,0,0,1,8,6.214608192,64,0.64
4622,0,11,1,1,0,8,5.616771221,64,0.64
4623,0,10,1,1,0,8,5.56068182,64,0.64
4624,0,16,0,0,1,6,6.869014263,36,0.36
4625,0,12,1,0,1,10,6.43775177,100,1
4626,0,12,1,0,1,8,5.808142662,64,0.64
4627,0,12,1,0,1,11,6.43775177,121,1.21
4628,0,10,1,0,1,8,5.52146101,64,0.64
4629,0,12,1,0,1,16,5.883322239,256,2.56
4631,0,12,1,0,1,16,6.309918404,256,2.56
4632,0,12,1,0,1,6,5.998936653,36,0.36
4635,0,11,1,1,0,9,6.137727261,81,0.81
4637,0,12,1,0,1,6,5.981414318,36,0.36
4639,0,12,1,0,1,6,5.627621174,36,0.36
4642,0,14,1,0,1,7,5.991464615,49,0.49
4643,0,16,1,0,1,2,6.028278351,4,0.04
4644,0,12,1,0,1,15,6.135564804,225,2.25
4645,0,18,0,0,1,9,7.273786545,81,0.81
4648,0,4,1,0,1,17,4.828313828,289,2.89
4650,0,10,1,0,1,18,5.298317432,324,3.24
4654,0,10,1,0,1,15,5.703782558,225,2.25
4655,0,10,1,0,1,16,6.255750179,256,2.56
4656,0,13,1,1,1,6,5.583496094,36,0.36
4657,0,11,1,0,1,9,5.783825397,81,0.81
4659,0,9,1,1,1,15,5.857933044,225,2.25
4660,0,9,1,0,1,19,5.828945637,361,3.61
4661,0,13,1,0,1,6,6.43775177,36,0.36
4662,0,10,0,0,1,13,5.365975857,169,1.69
4663,0,12,0,0,1,10,6.533788681,100,1
4664,0,8,0,1,1,18,5.616771221,324,3.24
4666,0,10,0,0,1,16,6.12468338,256,2.56
4668,0,12,1,1,1,8,6.421622276,64,0.64
4671,0,16,1,1,0,3,6.595780373,9,0.09
4672,0,12,1,0,1,8,5.09375,64,0.64
4673,0,8,1,0,1,10,5.56068182,100,1
4674,0,11,0,0,1,10,6.198478699,100,1
4675,0,12,1,1,0,8,6.354370117,64,0.64
4678,0,12,1,1,0,7,6.234410763,49,0.49
4680,0,8,1,1,1,12,6.336825848,144,1.44
4682,0,9,1,0,1,14,6.244166851,196,1.96
4683,0,8,1,1,0,11,6.154858112,121,1.21
4684,0,13,1,0,1,8,5.814130306,64,0.64
4686,0,12,1,0,1,10,6.175867081,100,1
4687,0,12,1,0,1,8,6.464588165,64,0.64
4688,0,10,1,0,1,9,6.350885868,81,0.81
4692,0,6,1,0,1,20,5.752572536,400,4
4693,0,11,1,1,1,13,5.886104107,169,1.69
4696,0,12,1,1,1,7,5.826000214,49,0.49
4697,0,13,0,0,1,7,5.991464615,49,0.49
4698,0,15,0,0,1,3,5.703782558,9,0.09
4699,0,10,0,0,1,18,6.363028049,324,3.24
4700,0,14,0,0,1,4,5.771440983,16,0.16
4701,0,12,1,1,0,8,6.163314819,64,0.64
4702,0,7,1,1,0,12,6.098074436,144,1.44
4704,0,6,1,0,1,13,5.703782558,169,1.69
4711,0,10,1,0,1,11,5.529428959,121,1.21
4712,0,12,1,0,1,7,6.037870884,49,0.49
4713,0,6,1,0,1,22,5.758901596,484,4.84
4715,0,16,0,0,1,7,6.315358162,49,0.49
4716,0,18,0,0,1,7,6.580639362,49,0.49
4721,0,13,0,0,1,6,6.591673851,36,0.36
4722,0,12,0,1,1,7,5.749392986,49,0.49
4723,0,9,0,0,1,12,5.393627644,144,1.44
4724,1,8,1,0,1,11,5.459585667,121,1.21
4730,1,9,1,0,1,12,5.808142662,144,1.44
4731,1,11,1,0,1,9,5.808142662,81,0.81
4733,1,11,1,0,1,13,5.808142662,169,1.69
4734,1,12,1,0,1,10,5.940171242,100,1
4735,1,12,1,0,1,8,5.966146946,64,0.64
4736,1,5,1,0,1,23,5.52146101,529,5.29
4738,1,17,1,1,1,4,6.511745453,16,0.16
4739,1,16,1,1,1,4,6.180016518,16,0.16
4740,1,16,1,1,1,3,6.645091057,9,0.09
4743,1,4,1,1,1,15,5.783825397,225,2.25
4744,1,11,1,0,1,13,6.142037392,169,1.69
4748,1,14,0,0,1,4,5.857933044,16,0.16
4749,1,12,1,1,1,8,5.926926136,64,0.64
4752,1,5,0,0,1,16,5.703782558,256,2.56
4756,1,16,1,1,1,3,6.163314819,9,0.09
4757,1,12,1,1,0,9,6.269096375,81,0.81
4758,1,10,1,0,1,10,6.24027586,100,1
4759,1,12,1,1,0,9,6.098074436,81,0.81
4760,1,11,1,0,1,12,5.579730034,144,1.44
4761,1,12,1,0,1,9,5.56068182,81,0.81
4763,1,9,1,1,1,9,5.762051582,81,0.81
4764,0,12,0,0,1,8,6.439350605,64,0.64
4765,0,11,0,0,1,8,5.991464615,64,0.64
4766,0,14,0,1,1,4,5.934894085,16,0.16
4768,0,16,0,0,1,7,6.688354492,49,0.49
4769,0,16,0,0,1,3,6.102558613,9,0.09
4771,0,15,0,0,1,7,5.765191078,49,0.49
4772,0,8,0,0,1,16,5.993961334,256,2.56
4773,0,9,0,1,1,12,6.082219124,144,1.44
4774,0,10,0,1,1,8,6.0330863,64,0.64
4775,0,10,0,0,1,9,5.926926136,81,0.81
4776,0,16,0,1,1,8,6.423246861,64,0.64
4777,0,12,0,1,1,10,5.869297028,100,1
4778,0,18,0,1,1,4,6.052089214,16,0.16
4779,0,12,0,0,1,8,5.579730034,64,0.64
4784,0,14,0,1,1,4,6.054439545,16,0.16
4786,0,12,0,0,1,7,5.52146101,49,0.49
4787,0,17,0,1,1,2,6.327936649,4,0.04
4789,0,12,0,0,1,11,5.666426659,121,1.21
4790,0,16,0,0,1,4,5.973809719,16,0.16
4791,0,12,0,1,1,8,6.357842445,64,0.64
4793,0,17,0,0,1,9,5.846438885,81,0.81
4794,0,16,0,1,1,6,7.156176567,36,0.36
4795,1,17,0,1,0,5,6.762729645,25,0.25
4796,1,14,0,1,1,4,6.023447514,16,0.16
4799,1,6,0,1,0,17,5.416100502,289,2.89
4803,1,14,0,1,0,7,6.001414776,49,0.49
4804,1,12,0,1,1,13,6.580639362,169,1.69
4805,1,12,0,1,1,12,6.357842445,144,1.44
4806,1,12,0,0,1,8,6.214608192,64,0.64
4808,1,12,0,0,1,11,5.52146101,121,1.21
4810,1,12,0,0,1,8,5.043425083,64,0.64
4811,1,12,0,0,1,9,6.006353378,81,0.81
4818,0,12,1,1,1,15,5.857933044,225,2.25
4819,0,12,1,1,1,8,6.135564804,64,0.64
4821,0,10,0,1,1,18,6.214608192,324,3.24
4822,0,16,0,1,1,8,6.740519524,64,0.64
4823,0,12,0,1,1,11,6.357842445,121,1.21
4824,0,16,0,1,1,6,5.991464615,36,0.36
4827,0,11,0,0,0,17,6.608000755,289,2.89
4831,0,14,0,1,1,5,5.857933044,25,0.25
4832,0,12,0,1,1,8,6.082219124,64,0.64
4833,0,13,0,1,1,6,6.588926315,36,0.36
4834,0,11,0,1,1,8,6.877295971,64,0.64
4837,0,16,0,1,1,8,6.621405602,64,0.64
4838,0,18,0,1,1,6,6.357842445,36,0.36
4840,0,16,0,0,1,8,6.001414776,64,0.64
4841,0,12,0,0,1,12,6.423246861,144,1.44
4842,0,16,0,0,1,3,5.438079357,9,0.09
4843,0,12,0,0,1,6,4.955827236,36,0.36
4844,0,18,0,0,1,6,5.953243256,36,0.36
4845,0,12,0,1,1,9,5.953243256,81,0.81
4849,0,12,0,0,1,6,6.045005322,36,0.36
4851,0,12,1,0,0,9,6.47697258,81,0.81
4854,0,8,1,0,1,16,5.438079357,256,2.56
4857,0,15,0,0,1,9,6.510258198,81,0.81
4860,0,18,1,1,1,3,5.869297028,9,0.09
4861,0,13,1,0,1,7,5.52146101,49,0.49
4862,0,11,1,0,1,14,5.703782558,196,1.96
4863,0,12,1,0,1,6,5.991464615,36,0.36
4864,0,7,1,0,1,21,5.703782558,441,4.41
4865,0,13,1,0,1,8,6.13122654,64,0.64
4866,0,12,1,1,0,9,6.068425655,81,0.81
4868,0,11,1,0,1,9,5.52146101,81,0.81
4869,0,5,0,1,1,17,5.752572536,289,2.89
4870,0,12,0,0,1,10,6.43775177,100,1
4871,0,10,0,0,1,10,6.214608192,100,1
4872,0,12,0,0,1,9,5.802118301,81,0.81
4873,0,12,0,0,1,10,6.371612072,100,1
4875,0,13,1,0,1,9,5.768321037,81,0.81
4877,0,11,1,0,1,11,5.703782558,121,1.21
4879,0,16,0,0,1,10,6.603943825,100,1
4880,0,12,1,0,1,12,5.953243256,144,1.44
4881,0,13,1,0,1,7,6.463029385,49,0.49
4882,0,5,1,0,1,21,5.783825397,441,4.41
4883,0,12,1,0,1,6,6.006353378,36,0.36
4886,0,6,1,0,1,20,5.703782558,400,4
4887,0,7,1,0,1,16,5.170484066,256,2.56
4888,0,11,1,0,1,10,6.109247684,100,1
4889,0,10,1,0,1,8,5.676753998,64,0.64
4890,0,12,0,0,1,9,6.685861111,81,0.81
4892,0,9,1,0,1,12,5.926926136,144,1.44
4894,0,10,1,0,1,8,5.438079357,64,0.64
4895,0,13,1,0,1,14,6.282266617,196,1.96
4896,0,7,1,0,1,18,6.045005322,324,3.24
4898,0,10,0,0,1,11,5.888877869,121,1.21
4899,0,9,0,0,1,12,5.703782558,144,1.44
4902,0,12,0,0,1,10,6.32435894,100,1
4903,0,16,1,0,1,6,6.152732849,36,0.36
4905,0,12,0,0,1,16,6.186208725,256,2.56
4906,0,12,0,0,1,8,6.396929741,64,0.64
4908,0,11,1,0,1,17,5.894402981,289,2.89
4910,0,10,1,1,1,8,5.298317432,64,0.64
4911,0,8,1,0,1,16,4.955827236,256,2.56
4912,0,12,0,0,1,15,6.104793072,225,2.25
4916,0,11,1,0,1,12,5.703782558,144,1.44
4918,0,12,0,1,0,13,6.559615135,169,1.69
4919,0,12,0,1,0,8,6.280395985,64,0.64
4920,0,13,1,0,1,10,5.56068182,100,1
4923,0,12,1,1,0,8,6.514712811,64,0.64
4924,0,7,1,0,1,18,5.56068182,324,3.24
4926,0,10,1,0,1,18,5.703782558,324,3.24
4928,0,16,0,1,1,5,7.102499485,25,0.25
4929,0,17,0,0,1,5,6.357842445,25,0.25
4930,0,14,1,0,1,7,5.52146101,49,0.49
4932,0,10,1,1,0,14,5.976350784,196,1.96
4934,0,8,1,0,1,10,5.616771221,100,1
4938,0,9,1,0,1,17,5.416100502,289,2.89
4940,0,7,1,0,1,12,5.616771221,144,1.44
4943,0,9,1,0,1,15,5.874930859,225,2.25
4944,0,12,1,1,0,7,6.785587788,49,0.49
4945,0,16,1,1,1,2,5.257495403,4,0.04
4946,0,7,1,0,1,16,6.040254593,256,2.56
4947,0,7,1,0,1,20,5.926926136,400,4
4948,0,7,1,0,1,18,5.897153854,324,3.24
4949,0,12,0,0,1,8,5.991464615,64,0.64
4950,0,12,1,1,1,8,5.866467953,64,0.64
4952,0,13,0,0,1,10,5.703782558,100,1
4953,0,15,0,1,1,4,6.030685425,16,0.16
4955,0,11,1,0,1,9,6.396929741,81,0.81
4957,0,13,1,1,0,10,6.880383968,100,1
4959,0,5,1,0,1,18,5.438079357,324,3.24
4960,0,12,1,0,1,9,5.739792824,81,0.81
4961,0,8,1,0,1,17,5.613128185,289,2.89
4963,0,11,1,1,0,10,5.991464615,100,1
4964,0,8,1,0,1,12,5.298317432,144,1.44
4965,0,13,1,0,1,7,6.075345993,49,0.49
4969,0,6,1,0,1,17,5.438079357,289,2.89
4970,0,6,1,1,0,18,6.59441328,324,3.24
4972,0,10,1,0,1,17,5.59842205,289,2.89
4973,0,8,1,0,1,12,5.170484066,144,1.44
4974,0,12,1,0,1,7,5.52146101,49,0.49
4975,0,10,1,0,1,14,5.808142662,196,1.96
4976,0,12,1,1,0,7,6.082219124,49,0.49
4978,0,16,1,1,1,4,6.059123039,16,0.16
4979,0,16,0,1,1,7,6.606650352,49,0.49
4981,0,12,1,1,0,8,6.551080227,64,0.64
4983,0,12,1,0,1,6,5.501258373,36,0.36
4984,0,12,1,0,1,8,5.438079357,64,0.64
4986,0,15,1,0,1,8,5.609471798,64,0.64
4987,0,14,1,1,0,8,6.448889256,64,0.64
4988,0,16,1,1,0,3,5.666426659,9,0.09
4990,0,8,1,0,1,18,5.703782558,324,3.24
4991,0,10,1,0,1,13,5.438079357,169,1.69
4992,0,8,1,0,1,16,5.978885651,256,2.56
4994,0,9,1,0,1,9,6.349139214,81,0.81
4995,0,17,1,1,0,7,6.43775177,49,0.49
4996,0,16,1,1,0,3,6.309918404,9,0.09
4997,0,9,1,0,1,11,5.52146101,121,1.21
4998,0,8,0,0,1,13,5.894402981,169,1.69
4999,0,14,1,0,1,14,4.60517025,196,1.96
5001,0,12,1,1,0,15,5.857933044,225,2.25
5003,0,10,1,0,1,9,5.669880867,81,0.81
5004,0,4,1,0,1,22,5.52146101,484,4.84
5008,0,8,1,1,1,19,6.72503376,361,3.61
5009,0,10,1,1,1,9,6.075345993,81,0.81
5011,0,12,1,1,0,9,5.808142662,81,0.81
5012,0,12,0,0,1,8,5.723585129,64,0.64
5013,0,18,0,0,1,9,6.350885868,81,0.81
5018,0,12,0,1,1,7,5.662960529,49,0.49
5020,0,12,1,1,1,10,6.137727261,100,1
5021,0,12,0,0,1,16,5.963579178,256,2.56
5022,0,16,0,0,1,10,7.008505344,100,1
5024,0,16,0,1,1,2,5.501258373,4,0.04
5028,0,12,0,1,1,7,5.880533218,49,0.49
5030,0,8,0,1,1,20,5.877735615,400,4
5031,0,12,1,0,1,12,5.991464615,144,1.44
5033,0,10,0,0,1,9,5.703782558,81,0.81
5036,0,16,0,1,1,5,6.315358162,25,0.25
5037,0,8,0,0,1,17,5.703782558,289,2.89
5039,0,7,0,1,1,17,6.109247684,289,2.89
5040,0,12,0,0,1,7,6.013715267,49,0.49
5046,0,14,0,1,1,4,5.52146101,16,0.16
5048,0,16,0,1,1,2,5.820083141,4,0.04
5051,0,16,0,1,1,2,5.634789467,4,0.04
5052,0,13,0,1,1,5,6.259581566,25,0.25
5053,0,16,0,1,1,4,6.24027586,16,0.16
5054,0,14,0,1,1,11,6.53813982,121,1.21
5055,0,16,0,0,0,5,6.052089214,25,0.25
5056,0,13,0,1,1,5,5.888877869,25,0.25
5058,0,12,0,0,0,6,6.295266151,36,0.36
5059,0,12,0,1,1,14,6.645091057,196,1.96
5060,0,12,0,1,1,7,6.224558353,49,0.49
5061,0,17,0,1,1,2,6.38181591,4,0.04
5062,0,16,0,1,1,3,6.037870884,9,0.09
5064,0,16,0,1,1,4,5.926926136,16,0.16
5068,0,17,0,1,1,3,5.910796642,9,0.09
5069,0,11,0,1,1,9,6.082219124,81,0.81
5071,0,17,0,1,0,6,6.428105354,36,0.36
5073,0,16,0,1,1,11,6.453625202,121,1.21
5074,0,12,0,1,1,8,6.214608192,64,0.64
5075,0,12,0,1,1,14,6.774223804,196,1.96
5076,0,17,0,1,1,11,6.453625202,121,1.21
5078,0,14,0,0,0,4,5.746203423,16,0.16
5081,0,15,0,0,1,3,5.857933044,9,0.09
5082,0,9,0,0,1,9,6.753437996,81,0.81
5083,0,11,1,0,1,14,5.298317432,196,1.96
5084,0,12,1,1,0,6,5.948034763,36,0.36
5088,0,12,1,0,1,12,5.501258373,144,1.44
5089,0,12,1,0,1,14,6.694561958,196,1.96
5091,0,18,1,0,1,9,6.135564804,81,0.81
5092,0,16,1,0,1,7,6.357842445,49,0.49
5097,0,17,1,1,0,8,6.226536751,64,0.64
5098,0,17,0,0,1,5,6.869014263,25,0.25
5099,0,16,0,1,1,4,6.610695839,16,0.16
5100,0,12,0,1,1,6,6.109247684,36,0.36
5102,0,11,1,0,1,10,6.165417671,100,1
5103,0,9,1,0,1,10,4.812184334,100,1
5104,0,11,1,1,1,15,6.677083492,225,2.25
5106,0,10,1,0,1,9,5.298317432,81,0.81
5107,0,14,0,0,1,12,6.135564804,144,1.44
5108,0,10,0,0,1,13,5.416100502,169,1.69
5116,0,13,0,1,1,9,6.357842445,81,0.81
5120,0,8,1,0,1,18,5.192956924,324,3.24
5121,0,9,1,0,0,16,5.783825397,256,2.56
5122,0,7,1,0,1,15,6.013715267,225,2.25
5123,0,10,1,0,1,9,5.298317432,81,0.81
5124,0,16,0,0,1,7,6.289715767,49,0.49
5126,0,16,0,0,1,6,5.869297028,36,0.36
5131,0,11,0,0,1,11,5.52146101,121,1.21
5139,0,16,0,0,1,6,6.54102993,36,0.36
5140,0,12,0,0,1,10,6.040254593,100,1
5142,0,12,0,1,1,15,5.90263319,225,2.25
5143,0,11,0,0,1,7,5.860786438,49,0.49
5144,0,16,0,1,1,9,6.816735744,81,0.81
5145,0,13,0,0,1,9,6.802394867,81,0.81
5146,0,7,0,0,1,13,5.703782558,169,1.69
5149,0,10,0,0,1,11,5.726847649,121,1.21
5151,0,7,0,1,1,14,6.163314819,196,1.96
5152,0,11,1,0,1,11,5.828945637,121,1.21
5153,0,9,1,1,1,14,6.137727261,196,1.96
5159,0,12,1,0,1,12,5.298317432,144,1.44
5161,0,15,1,0,1,3,5.752572536,9,0.09
5162,0,16,1,0,1,8,6.43775177,64,0.64
5163,0,12,1,0,1,12,5.537334442,144,1.44
5165,0,9,0,0,1,12,6.109247684,144,1.44
5166,0,12,1,0,1,6,5.926926136,36,0.36
5168,0,12,1,1,0,8,5.703782558,64,0.64
5171,0,12,1,0,1,8,5.897153854,64,0.64
5173,0,18,1,1,0,3,6.620073318,9,0.09
5174,0,15,1,1,1,7,6.378426075,49,0.49
5176,0,10,1,1,1,15,5.579730034,225,2.25
5177,0,9,1,1,1,10,5.703782558,100,1
5179,0,6,1,0,1,21,5.966146946,441,4.41
5184,0,10,0,0,1,15,6.214608192,225,2.25
5185,0,12,0,0,1,11,6.109247684,121,1.21
5186,0,12,0,0,1,9,5.572154045,81,0.81
5187,0,14,0,0,1,7,6.068425655,49,0.49
5193,0,10,1,0,1,14,5.257495403,196,1.96
5196,0,14,0,0,1,14,6.720220089,196,1.96
5199,1,16,1,1,1,8,6.24027586,64,0.64
5200,1,13,1,1,0,11,6.270988464,121,1.21
5204,1,16,1,0,1,4,5.953243256,16,0.16
5206,1,13,0,0,1,8,6.214608192,64,0.64
5210,1,15,0,1,1,8,6.568078041,64,0.64
5211,1,16,0,1,1,5,6.156979084,25,0.25
5212,1,12,1,0,1,6,6.152732849,36,0.36
5213,1,13,1,1,0,6,6.023447514,36,0.36
5218,1,12,0,0,1,7,5.814130306,49,0.49
5219,1,13,0,1,1,15,6.175867081,225,2.25
5220,1,12,0,0,1,6,6.214608192,36,0.36
5221,1,12,0,0,1,13,6.569481373,169,1.69
5225,1,13,1,0,1,7,6.26339817,49,0.49
